CAGR,Annual Vol,Sharpe,Sortino,Max DD,Avg DD,Calmar,Max DD Duration (mo),Avg DD Duration (mo),VaR 5%,CVaR 5%,VaR 1%,CVaR 1%,Skewness,Kurtosis,Win Rate,Avg Win,Avg Loss,Payoff Ratio,Omega,Best Month,Worst Month,Total Return,Years,Lookback,K,Avg Turnover,Beat SPY 1Y,Avg Excess 1Y,Beat SPY 3Y,Avg Excess 3Y,Beat SPY 5Y,Avg Excess 5Y,Bull CAGR,Bull Sharpe,Bull Months,Bear CAGR,Bear Sharpe,Bear Months,Neutral CAGR,Neutral Sharpe,Neutral Months,Avg Return in SPY Crashes,Avg SPY Return in Crashes,Crash Months,2005-2009 Strat CAGR,2005-2009 SPY CAGR,2005-2009 Strat Sharpe,2010-2014 Strat CAGR,2010-2014 SPY CAGR,2010-2014 Strat Sharpe,2015-2019 Strat CAGR,2015-2019 SPY CAGR,2015-2019 Strat Sharpe,2020-2026 Strat CAGR,2020-2026 SPY CAGR,2020-2026 Strat Sharpe,Composite Score
0.1478078144314039,0.62223081170083,0.13060034428245484,0.2540455744834935,-0.8093739092046784,-0.41166744276943534,0.18261993962301734,102,15.1875,-0.22724729922419015,-0.2815629911421362,-0.3275725040461618,-0.36231633009470343,1.3618904176563573,4.502311836487196,0.5615942028985508,0.13140784504954237,-0.10919756519954096,1.2033953761644383,1.4790233686922456,0.8954249343764535,-0.41048884932723506,22.822705096735532,23.0,3,1,0.8152173913043478,0.46037735849056605,0.1292870444477469,0.43983402489626555,0.35413112379398687,0.4423963133640553,0.6622054798217185,0.5116707250620962,0.7330303275703627,166,-0.2526960617587105,-0.444169319632782,20,0.27143422342295564,0.3472612213136699,90,-0.1339775586931891,-0.07876483351729723,25,-0.16562869962325655,0.0039140323068174165,-0.1691929369371781,0.29020070141566334,0.1534146423033491,0.7783365617205602,-0.12807317766380177,0.11560366246620446,0.07583060537868255,0.4344712609351793,0.13016898803548127,0.8299128661603842,0.3314714915752056
0.2181333420057292,0.45378052097485827,0.16949108683001488,0.31018558117352957,-0.7000778268740906,-0.26057161595958056,0.311584417663553,101,10.0,-0.1806036561235594,-0.22104673260982524,-0.26000337597321505,-0.2693008408059756,0.762098932272914,2.8217790586360643,0.5978260869565217,0.10264959169861107,-0.09124864125741476,1.1249437830973716,1.5890026888541953,0.7019545379144136,-0.27808688660706554,92.53649755294799,23.0,3,2,0.802536231884058,0.5584905660377358,0.12214865291168421,0.4979253112033195,0.3191023442673885,0.5391705069124424,0.6290912834054769,0.4232950143017593,0.9431011477472584,166,-0.1386087534226732,-0.2565641681951887,20,0.3189464106748643,0.5172290420208412,90,-0.11250593228069747,-0.07876483351729723,25,-0.055440027345403764,0.0039140323068174165,0.07419365850555469,0.18413608227650036,0.1534146423033491,0.6497601359216449,0.027290549952936116,0.11560366246620446,0.2630902053674269,0.40812193300546573,0.13016898803548127,0.9701993863391799,0.4100413122699614
0.2601973864535605,0.37736363912348436,0.20859446854686817,0.35638169953731313,-0.6151984318255047,-0.1773234616148629,0.42294871539491025,34,6.242424242424242,-0.1453785453943974,-0.1943342694650012,-0.21790076546714976,-0.27483166099890377,0.39834700296942843,1.693641740514817,0.6304347826086957,0.08598507192337618,-0.07852028925396443,1.095068201357076,1.7590219086811414,0.4890965401181407,-0.32539123110580587,203.21480101190483,23.0,3,3,0.7693236714975845,0.6377358490566037,0.15749781677386057,0.8174273858921162,0.5237674902041115,0.8986175115207373,1.152266900256206,0.42702685740909385,1.1486012166125366,166,-0.028826992976505594,-0.060233909687271325,20,0.30322200878210026,0.5928128960731621,90,-0.09629457916100746,-0.07876483351729723,25,0.08707582853740736,0.0039140323068174165,0.4087543350415639,0.2872399716680367,0.1534146423033491,0.9512278044906698,0.10348180739359458,0.11560366246620446,0.46666702241264535,0.36989305007910134,0.13016898803548127,1.0009543322771388,0.48431401116496986
0.3116017670902935,0.3284184967485374,0.2611206472110715,0.43538155407226653,-0.5255131879717715,-0.12641425370113893,0.5929475686289182,30,5.333333333333333,-0.12738476603579474,-0.1708975996493803,-0.20807183707641558,-0.23181012269956502,0.23848066063722106,1.1901580274252774,0.6485507246376812,0.07860577318751989,-0.067599203399167,1.1628209983978675,2.0044572959284634,0.3871927777483175,-0.2399613966425977,511.20739178983933,23.0,3,4,0.7563405797101449,0.7056603773584905,0.20859889425718348,0.8879668049792531,0.8692153961196547,1.0,2.0306627904336567,0.44740784697147995,1.3711112272664878,166,-0.09497743983438112,-0.22417495438860438,20,0.38642148288473077,0.8595849957687384,90,-0.09166531752457299,-0.07876483351729723,25,0.18807482343021498,0.0039140323068174165,0.6841503022784079,0.30468150434992114,0.1534146423033491,1.0942935807908343,0.15613050170487397,0.11560366246620446,0.6932273196562397,0.4253581672340787,0.13016898803548127,1.2025043239755655,0.6045287521110404
0.3070695661031049,0.31310818913546895,0.26623945167362767,0.4377554353586316,-0.4991947487597168,-0.11107005297809237,0.6151298002754236,41,4.589743589743589,-0.1187469775455853,-0.16651369610098013,-0.1860628283649427,-0.22686587050934848,0.28084558797929243,2.1114716700886174,0.6594202898550725,0.0743512042738679,-0.06605783339972646,1.1255471220794806,2.031131565182906,0.47055312544522926,-0.2442347295321059,472.009823739676,23.0,3,5,0.7427536231884058,0.7509433962264151,0.19608645258016902,0.950207468879668,0.8244342236398556,1.0,1.9114441739304597,0.4515410455722617,1.5183198437024485,166,-0.17413831573925986,-0.4455364562945938,20,0.3719563286036236,0.8456643403858316,90,-0.09187809669194989,-0.07876483351729723,25,0.16042947586827383,0.0039140323068174165,0.6269762722437436,0.31141787324829573,0.1534146423033491,1.2122729459505521,0.16832600092760353,0.11560366246620446,0.7697405448730366,0.3971123071414373,0.13016898803548127,1.183960087625503,0.6249736105916803
0.3108255266019295,0.2956049494929188,0.2795429579248264,0.46719672551069985,-0.48112921620121596,-0.10560304458576784,0.6460333651239697,29,4.095238095238095,-0.11715257150793837,-0.15482126644856953,-0.17924079408585733,-0.20908509298617775,0.4084775963425513,2.503087591924383,0.6739130434782609,0.06960006638506419,-0.06312322499678022,1.102606313106061,2.114086820260022,0.44340970294334897,-0.22834233651870872,504.2804236275168,23.0,3,6,0.732487922705314,0.8,0.1991117811502549,1.0,0.8470341659171294,1.0,1.9950864026574786,0.45154346272884216,1.6782389283602608,166,-0.15380105284557555,-0.41787771167182775,20,0.35460969285029886,0.8300790857140891,90,-0.09085212722027687,-0.07876483351729723,25,0.18754864177595998,0.0039140323068174165,0.7140930720542552,0.32084310309886277,0.1534146423033491,1.3586090926654313,0.180441832271655,0.11560366246620446,0.8557169555732524,0.3889129253600887,0.13016898803548127,1.1977130816731982,0.6546450310074954
0.29112377341430506,0.2822366195006799,0.2731623459089839,0.4493140424213448,-0.49962272884043113,-0.10819702091127228,0.5826872089866107,36,3.9767441860465116,-0.10683818000251784,-0.1470452217371622,-0.16670303907129377,-0.21693933977630894,0.45544632827261045,3.141403487966514,0.6521739130434783,0.06807351530364346,-0.05656183718557808,1.203523766038501,2.0834049715385565,0.44003308610288794,-0.23526937062298695,355.6655723533498,23.0,3,7,0.7282608695652174,0.7849056603773585,0.17637211546798648,0.995850622406639,0.7127180346916615,1.0,1.6042103398154683,0.4477361162827129,1.7809357654713789,166,-0.2045383459257315,-0.6030783232282446,20,0.3023077351755483,0.7486171621967141,90,-0.09309993135049403,-0.07876483351729723,25,0.17735205994404168,0.0039140323068174165,0.7119461007661047,0.3495828869979478,0.1534146423033491,1.5087795768948173,0.16838330515497946,0.11560366246620446,0.8736032624149883,0.3017275249711071,0.13016898803548127,1.0258165941727815,0.6227934289637567
0.2881116445127718,0.2678947403582748,0.2813052938006113,0.4542432539673935,-0.5502581505241534,-0.11895814966212438,0.5235935973657609,38,3.744186046511628,-0.09891256274307134,-0.14123492545646055,-0.1837131734496804,-0.1950395713344872,0.33842906907127523,2.6909774022820567,0.6666666666666666,0.06448306462712938,-0.056303464817041564,1.1452770240102892,2.109604740779879,0.4109153327330715,-0.1969891684992179,337.010852279402,23.0,3,8,0.7228260869565217,0.7849056603773585,0.17267631638554246,0.995850622406639,0.6919055089929077,1.0,1.5070414977413555,0.44133892951308673,1.8532158938294594,166,-0.2282586029209991,-0.6738789852058743,20,0.2979450734962057,0.7955691757731226,90,-0.09301097158317237,-0.07876483351729723,25,0.1750401427819932,0.0039140323068174165,0.7071989979700054,0.34550202534237506,0.1534146423033491,1.5122755369661385,0.1744939778260055,0.11560366246620446,0.9602189955750392,0.2859936169827255,0.13016898803548127,1.0449976936033267,0.5980404956723653
0.28794012336958996,0.26068554491351636,0.28681600317677314,0.46531825002608007,-0.5446516433438543,-0.10993873059842288,0.5286684193254239,36,3.7857142857142856,-0.09714180221788735,-0.13754757304277346,-0.1714126285623963,-0.18552316556026885,0.37964685834572637,2.7462904267271586,0.6739130434782609,0.0621166886211552,-0.05462066840263227,1.137237797298022,2.158308455379758,0.4038219053982847,-0.19431663879599595,335.97717102520045,23.0,3,9,0.715780998389694,0.8113207547169812,0.17182926674590623,0.995850622406639,0.6762790414164668,1.0,1.4544202944121785,0.43026914163740115,1.8552956641588014,166,-0.18179994710876668,-0.4878679550248783,20,0.2924042021735629,0.8281640944802715,90,-0.09194091581644853,-0.07876483351729723,25,0.2051820606918413,0.0039140323068174165,0.7797348252349585,0.324170102853792,0.1534146423033491,1.4929066383241782,0.1740296441442042,0.11560366246620446,0.9715733864755206,0.29663697023261615,0.13016898803548127,1.1045354992826177,0.6098574394887574
0.28188246347145474,0.2546064123269114,0.2865213220990451,0.4576474042074549,-0.5348883648845417,-0.1074315342855465,0.5269930736524816,29,3.5454545454545454,-0.09694584450737567,-0.13574255897205612,-0.1604512475307873,-0.18834364925442826,0.3831613057428004,3.1204885630644297,0.6630434782608695,0.06158171246634932,-0.05136028831464932,1.1990141505647385,2.159785954305726,0.41467938305862057,-0.20019725239745734,301.34914507803234,23.0,3,10,0.7144927536231883,0.8226415094339623,0.16538663529580203,0.995850622406639,0.643400940865323,1.0,1.3972644757412358,0.4171944793933988,1.864372605336907,166,-0.1948807143033212,-0.5297977315723944,20,0.2944860685747013,0.855654547776602,90,-0.09048934891336648,-0.07876483351729723,25,0.1928961376247007,0.0039140323068174165,0.7610585974440078,0.322965820913647,0.1534146423033491,1.5217338108598066,0.1778609639223363,0.11560366246620446,1.0206134118792727,0.27695789857176156,0.13016898803548127,1.0825576343866374,0.6083705566161272
0.2738795296745895,0.24733486604938762,0.2856463038361012,0.44899786513483897,-0.5714284604791007,-0.11195755512424484,0.47928926999009064,36,3.5681818181818183,-0.08878609086012518,-0.13480849184522695,-0.1583843996053304,-0.18081502112283612,0.22900958792844053,2.4251551883660962,0.6702898550724637,0.059608954430732476,-0.05184561608578131,1.1497395330804114,2.1368564419191873,0.3756038468576992,-0.19380117085076157,260.7895183013791,23.0,3,11,0.7091567852437417,0.7962264150943397,0.16048750489480204,0.991701244813278,0.6147206011639046,1.0,1.28811268633384,0.40779723217726227,1.878718373815359,166,-0.21374351600421515,-0.576549588653183,20,0.2861062237781524,0.8793087457140981,90,-0.08952320364947731,-0.07876483351729723,25,0.18001918370880787,0.0039140323068174165,0.7286754239405469,0.3095857361799095,0.1534146423033491,1.5201059858852741,0.18127533455043388,0.11560366246620446,1.0635341450290532,0.2607685681770213,0.13016898803548127,1.0518061756182366,0.5793572818787
0.2612260865073004,0.24005864981315436,0.2800632815968347,0.4338190728416226,-0.5401353296394772,-0.10102465416815103,0.4836308091190042,35,3.6744186046511627,-0.09297032417488872,-0.13230035088915382,-0.15151027198691452,-0.17622428451778185,0.18241913398636436,2.180175925080553,0.6521739130434783,0.058914364412513485,-0.04757563454800182,1.2383306070898825,2.114821752529356,0.35009514650482926,-0.1904826827205107,207.08354217225977,23.0,3,12,0.7089371980676329,0.8113207547169812,0.14488601936695078,0.966804979253112,0.5597163664952677,1.0,1.1831302446213405,0.3899944664965538,1.851879965859143,166,-0.17269898443666687,-0.4577301104075816,20,0.25708468793418704,0.8319911171705312,90,-0.08687724637887193,-0.07876483351729723,25,0.17549567638220065,0.0039140323068174165,0.7255980140472361,0.29932318909217215,0.1534146423033491,1.5000687712019547,0.17750709349810556,0.11560366246620446,1.0669049646773197,0.23909057759015462,0.13016898803548127,1.0044587850093716,0.5777777940318254
0.2498123065298139,0.23379357443704868,0.274405656391148,0.420367866331226,-0.5280340129210276,-0.09589421110135424,0.4730988921487822,29,3.5217391304347827,-0.09078139091106209,-0.12978662030111618,-0.15483781174378952,-0.17446110486434932,0.15378154551579495,2.3038189134966363,0.6413043478260869,0.058162049645582914,-0.045480228842189385,1.2788425020330887,2.0761133853409492,0.35004150017311425,-0.1894340979965315,167.82249897816848,23.0,3,13,0.7040133779264214,0.7962264150943397,0.13192362451601886,0.995850622406639,0.5028972301427951,1.0,1.0317697477929306,0.3699911256869661,1.8314311413047415,166,-0.17567153177793537,-0.48270490263230975,20,0.25161879086648087,0.8296264928581738,90,-0.08573398470533897,-0.07876483351729723,25,0.1650618112993758,0.0039140323068174165,0.7021154533730614,0.27328974521530447,0.1534146423033491,1.4475563406564802,0.1663321981931012,0.11560366246620446,1.018403352667738,0.2428760442679001,0.13016898803548127,1.040515786499979,0.5712407017721451
0.25121065669161835,0.22849142627572777,0.28077942432973974,0.4284585261171408,-0.5362463261743801,-0.09650374983010164,0.46846131046486283,31,3.533333333333333,-0.08940955069284148,-0.12885684984855678,-0.15268808617319848,-0.1748569026916614,0.07942139166195757,2.044220186851284,0.6521739130434783,0.05657244818010919,-0.04573737551959747,1.236897559980658,2.1036903337533954,0.33041376258516525,-0.1882177089316405,172.22078294478925,23.0,3,14,0.6984989648033126,0.8113207547169812,0.1326031572333749,0.995850622406639,0.5027355133122409,1.0,1.0011697356951423,0.36566193503319955,1.8550156350432836,166,-0.17299330847553773,-0.478479368886432,20,0.25814212213391596,0.8750427334903774,90,-0.08503672391940559,-0.07876483351729723,25,0.16617431733207555,0.0039140323068174165,0.7079889292888515,0.26482769124179373,0.1534146423033491,1.4320280801267447,0.16115660231181428,0.11560366246620446,1.0219022746017121,0.253783827093053,0.13016898803548127,1.0956427856074207,0.5717160471012815
0.24161890361180682,0.22533945374973896,0.273842184749729,0.4182148676534718,-0.5529342638848967,-0.09853837653795165,0.43697582044238115,32,3.6222222222222222,-0.08648713091414875,-0.12680312010550207,-0.15195721013696223,-0.1746205520371181,0.02730117861296442,1.8107338446402226,0.644927536231884,0.05626296459613736,-0.04507772651577886,1.248132258321485,2.053915044709423,0.31500556507742655,-0.19461845182144913,144.1213366932425,23.0,3,15,0.6956521739130435,0.7962264150943397,0.12389413465503193,0.983402489626556,0.47126603954658547,1.0,0.9195718780584073,0.3504472356490047,1.8151523541856942,166,-0.20044464748739454,-0.5587406142878777,20,0.26130922376175736,0.90833267511981,90,-0.0860047028549029,-0.07876483351729723,25,0.16120692402303538,0.0039140323068174165,0.6908957914368941,0.24876421600566268,0.1534146423033491,1.406116994261765,0.16194713311649234,0.11560366246620446,1.0208528974388091,0.24349228619674657,0.13016898803548127,1.0731659635237265,0.5496166606628128
0.23326133351473688,0.22258221274140907,0.2676358848522325,0.39951426422702674,-0.5616821629335244,-0.10132170479537059,0.4152906196922326,34,3.9285714285714284,-0.08280111582352301,-0.12812717079247202,-0.1449605584831874,-0.1797364666768255,-0.03222211636325808,1.9834934281168852,0.6557971014492754,0.054308253732555094,-0.046345521361536045,1.1718123377856233,2.02232124754188,0.3122719910266408,-0.20952855212403376,123.2417760525236,23.0,3,16,0.6970108695652174,0.7849056603773585,0.11566128070620939,0.9377593360995851,0.43646161901642433,1.0,0.864414597924774,0.3524435831458017,1.8481996952963942,166,-0.22932135920710695,-0.6504738739797575,20,0.23985435663728016,0.8608988130931525,90,-0.08784850574979425,-0.07876483351729723,25,0.13991640109686143,0.0039140323068174165,0.629158401206551,0.24825355416209094,0.1534146423033491,1.4079342619342694,0.1607358816471851,0.11560366246620446,1.0413652435297969,0.23671888743285563,0.13016898803548127,1.0480900239824098,0.528780078390859
0.23090126442171877,0.22047004245569568,0.2671045500784848,0.4005863154883358,-0.5705590003621156,-0.10641286121202455,0.40469305413668544,45,3.6222222222222222,-0.08038827753819035,-0.1266198049075426,-0.1498850103149703,-0.18124818572976334,-0.08154246530364279,1.8781730289451097,0.6594202898550725,0.0538686894448345,-0.047143667188844766,1.1426495361307196,2.0041905858232325,0.3008402360627183,-0.2131685914048969,117.88690183504212,23.0,3,17,0.6975703324808185,0.7735849056603774,0.11310651771992536,0.9128630705394191,0.4273331599149998,1.0,0.8611060687872292,0.35839907058755593,1.9073324669392222,166,-0.23781427457096016,-0.6797419113716879,20,0.2239301900718016,0.817634007774869,90,-0.08727512684250965,-0.07876483351729723,25,0.1248527201831453,0.0039140323068174165,0.5745833050369209,0.2606060641126251,0.1534146423033491,1.4877136685189751,0.16643731199427458,0.11560366246620446,1.0886803905346165,0.22791630770445548,0.13016898803548127,1.0304233689907492,0.5193935641332585
0.2337495043833806,0.21615005603153667,0.274310539396177,0.4153494160881663,-0.551429912700833,-0.09505658503315204,0.4238970338741791,32,3.659090909090909,-0.0791672969928825,-0.12257414663781038,-0.14271513681837328,-0.1751179147611072,-0.07809857114387968,1.7401454472133064,0.6557971014492754,0.05374674056992764,-0.04550947145923838,1.1810012036300435,2.035637395838939,0.2901329022020207,-0.2057660036943837,124.3778441472131,23.0,3,18,0.697061191626409,0.7962264150943397,0.11415033016777898,0.9377593360995851,0.43574932296293795,1.0,0.8994594103878505,0.35998061085496236,1.9452879177144138,166,-0.1984956472158007,-0.5522534214147884,20,0.2133050198396118,0.8073274822075525,90,-0.08577381327815338,-0.07876483351729723,25,0.14243459016921167,0.0039140323068174165,0.6359147575321752,0.2646831565609611,0.1534146423033491,1.5159306753926747,0.1635612735758467,0.11560366246620446,1.1051787540760545,0.22465254039293314,0.13016898803548127,1.0414555105378998,0.5408634743380387
0.22831994097125285,0.21146053478327023,0.27290313289986623,0.42012888129337916,-0.5324129969252698,-0.08616693119907035,0.4288399086607951,31,3.7209302325581395,-0.07962374603607017,-0.11859166220003901,-0.13656829709667906,-0.17024255373015548,-0.06910973719934385,1.6839773769643989,0.6557971014492754,0.05271202073421636,-0.04486651928818394,1.1748631623424957,2.0213805264265723,0.28184378411585426,-0.2058421612578468,112.28295132190992,23.0,3,19,0.6937452326468344,0.8150943396226416,0.10936057635099862,0.921161825726141,0.415209910330539,1.0,0.8574109161706214,0.3451450660419928,1.9253430654897834,166,-0.1668679109965988,-0.46124720546167064,20,0.20789864236955102,0.803827058498156,90,-0.08389443504160131,-0.07876483351729723,25,0.15751838860390688,0.0039140323068174165,0.6919107813401195,0.26525133716961946,0.1534146423033491,1.5382924627665902,0.15280752758345795,0.11560366246620446,1.0537355841832825,0.20656307701992493,0.13016898803548127,0.9940506038238831,0.5475103877711238
0.22132047449432068,0.20654225531323295,0.26985271676947953,0.4209732374071965,-0.5180299489668853,-0.08429382193575606,0.42723490202777537,29,3.3404255319148937,-0.08038456916949237,-0.11515784869780778,-0.13391162174265048,-0.1647292148174571,-0.06966821431850839,1.448029843539599,0.6485507246376812,0.05207233997906345,-0.04329412827027149,1.202757557652908,1.9999959130120297,0.26667632712658323,-0.18641363653400614,98.33028206986083,23.0,3,20,0.693659420289855,0.7962264150943397,0.10014133686040497,0.8879668049792531,0.37679906658969736,0.9815668202764977,0.7926954031583934,0.33727017892778344,1.9402873935261264,166,-0.15842017758070437,-0.4457754588818306,20,0.19363327602756186,0.768566527780629,90,-0.08245231900544932,-0.07876483351729723,25,0.15532829954124594,0.0039140323068174165,0.6949370624294474,0.25959777163382536,0.1534146423033491,1.5359173164032283,0.1554426046784423,0.11560366246620446,1.0949656538315302,0.1904399324421946,0.13016898803548127,0.9465742368951227,0.5455172476987843
0.38737750894413114,0.5802520530446676,0.22620210367886887,0.45735910465625007,-0.8512706442097311,-0.34768174529150264,0.45505799075656994,92,8.038461538461538,-0.17498905032937895,-0.2675513143239519,-0.32455088386984293,-0.38729253652314966,1.0754861401819602,3.5124477670324756,0.5787545787545788,0.13946405764024553,-0.09580960682373092,1.4556375113492472,1.9152141342108993,0.8954249343764535,-0.41048884932723506,1716.6247231316627,22.75,6,1,0.5934065934065934,0.6641221374045801,0.4764094970983696,0.773109243697479,2.4057268332434276,0.705607476635514,7.919540929701725,0.9065762172359972,1.1510512572965244,163,-0.4203130469584889,-0.9465878771246815,20,0.4631607629642154,0.6707410143531856,90,-0.06600225441978966,-0.07876483351729723,25,-0.041078594057652906,0.0039140323068174165,0.1784490349479045,0.20091616612155172,0.1534146423033491,0.6225316738206991,0.7161953923303106,0.11560366246620446,1.0855088816702978,0.8007663463677068,0.13016898803548127,1.2088791237321463,0.6234996752941564
0.38556927505471505,0.4477321378205517,0.25530194258472566,0.46897977482040243,-0.7048933955047435,-0.17085488627809256,0.5469894845285445,20,4.463414634146342,-0.15899916038339662,-0.22177402872587357,-0.25254680470538793,-0.2795169679736064,0.49653993454155865,1.174204462465327,0.6043956043956044,0.11137840028410369,-0.0805167759947081,1.3832943372127062,2.0051509460563497,0.4935322210312255,-0.3003686913356399,1666.4106005887222,22.75,6,2,0.5604395604395604,0.7595419847328244,0.35588107257265084,0.9495798319327731,1.5954878816478544,1.0,4.676522493969097,0.8650958385570626,1.5358297914655257,163,-0.2459519543339358,-0.4690039324884186,20,0.21240871003847062,0.43370308094797466,90,-0.09598577314518042,-0.07876483351729723,25,0.21827809116615793,0.0039140323068174165,0.647046055832544,0.34844492223401624,0.1534146423033491,1.0102744607119167,0.6441576575858228,0.11560366246620446,1.3560489376064246,0.4063118206868397,0.13016898803548127,0.9182806786176171,0.6500427791216445
0.3381838532376922,0.37260938729943555,0.25731144966148656,0.4516698448670338,-0.5872962552058093,-0.1507720359021598,0.5758317888800102,22,5.027777777777778,-0.14817770116197,-0.1866765807090423,-0.21430888040214424,-0.23699209903972843,0.30779092834069677,0.8021470146715677,0.6483516483516484,0.08826842424322491,-0.07702439173492481,1.1459801532350404,1.989749728779194,0.42418129246377306,-0.25171000095750545,754.4993857953314,22.75,6,3,0.5555555555555556,0.732824427480916,0.29248622513102546,0.9663865546218487,1.462799247470308,1.0,4.41953310492627,0.7035361898099644,1.6193724100633096,163,-0.20999967428863697,-0.4727483856951039,20,0.1752461805375245,0.41803570243597254,90,-0.0939472523298464,-0.07876483351729723,25,0.21880850648762906,0.0039140323068174165,0.7054202371332935,0.22541113345387154,0.1534146423033491,0.8375333388475855,0.5017753715475441,0.11560366246620446,1.3709656661367982,0.4992808947642613,0.13016898803548127,1.1402622242886158,0.6146595331333888
0.33276639870855873,0.3332951879458724,0.2726336640000325,0.4807068527203485,-0.5517832885290803,-0.1296726751183791,0.6030744417715744,21,3.8666666666666667,-0.13056792365390837,-0.16902036922890185,-0.19884077879090448,-0.22022277694071032,0.2699335518219873,0.9098672156874907,0.608058608058608,0.08659808359297048,-0.06112969050969792,1.4166288569583405,2.052124922900105,0.43070952542765845,-0.23450448236958074,687.8970008855779,22.75,6,4,0.5347985347985348,0.7786259541984732,0.2601964694710309,0.957983193277311,1.2838814485527168,1.0,3.7393584157244812,0.6038340414486358,1.7079654585104,163,-0.25704741513007945,-0.6689247981730361,20,0.2647362242757727,0.6292233744100477,90,-0.0885595666819255,-0.07876483351729723,25,0.18513512074984861,0.0039140323068174165,0.678546313460144,0.2798896473884436,0.1534146423033491,1.1033737426022332,0.4454374029606063,0.11560366246620446,1.3746138057241573,0.42188547266435394,0.13016898803548127,1.1016469221086498,0.6414325796385656
0.31974767434078255,0.3082858969616012,0.27842114416959063,0.4946566261382666,-0.582342841444728,-0.13061808786087567,0.5490711855365544,28,4.0,-0.12053151139305943,-0.15892159900171476,-0.18308830305587492,-0.20712495517468724,0.13292367793983775,0.5769559802700086,0.6227106227106227,0.08034928755316319,-0.060404939933716345,1.3301774265702806,2.0444593829017648,0.3599642004165612,-0.23201089487786786,550.0209319238054,22.75,6,5,0.5304029304029304,0.7709923664122137,0.25547153467331657,0.9411764705882353,1.181689364038974,1.0,3.2471577875765063,0.5725450791824858,1.8010294912268945,163,-0.2666638362533891,-0.7000943156655641,20,0.24871812528164106,0.6497718718819679,90,-0.09252384486566134,-0.07876483351729723,25,0.1763074468563166,0.0039140323068174165,0.6737915323535647,0.3082912966722542,0.1534146423033491,1.190467845949174,0.4102458054636078,0.11560366246620446,1.4971396218383286,0.35129680478937586,0.13016898803548127,1.0414630635786801,0.6102620672357862
0.3240036512668296,0.2941932843567617,0.2907560653301851,0.5089058220040424,-0.5814380739420468,-0.12517980984673505,0.5572453297909138,28,3.727272727272727,-0.11105543446737697,-0.14652743236134516,-0.16649059880607645,-0.20709212383108555,0.2223749943870678,0.954894486862429,0.6263736263736264,0.07637179213346103,-0.05534452418297673,1.3799340270948073,2.142333596284078,0.330559695050003,-0.2243579795365286,591.8965295144233,22.75,6,6,0.5140415140415141,0.7748091603053435,0.23826591272415754,0.9495798319327731,1.0201922970892718,0.9953271028037384,2.582374940998412,0.5725474807386652,1.8956747674736039,163,-0.2703536981332705,-0.7454216648464684,20,0.2462579822640596,0.6753856297605706,90,-0.09193853151452337,-0.07876483351729723,25,0.17705452562545743,0.0039140323068174165,0.7072306064015048,0.32219142128172273,0.1534146423033491,1.3397894710440152,0.3558810881437102,0.11560366246620446,1.4118342563678916,0.3590029377387136,0.13016898803548127,1.0878546381717815,0.6279161253346717
0.29993560819846077,0.2764575795954241,0.2851231128024987,0.46773912240949417,-0.6071561805370107,-0.12327763498060566,0.49400074941702327,29,3.8636363636363638,-0.10222798245074417,-0.14595969728880057,-0.1736412151406842,-0.21298721652240946,0.03954759284601351,0.9128156381945667,0.6446886446886447,0.06969450984816349,-0.055473408241335675,1.2563588944266642,2.104163597707904,0.305041869274429,-0.22742994727440255,389.5906701449785,22.75,6,7,0.5054945054945055,0.7748091603053435,0.21407392177662599,0.9411764705882353,0.8962880321195916,0.9813084112149533,2.2325640285107125,0.5360370721293373,1.910073953496594,163,-0.30379052786938165,-0.8613925866089499,20,0.2264855989251584,0.6862376742463306,90,-0.09410846765058578,-0.07876483351729723,25,0.1358741663051395,0.0039140323068174165,0.5934453809342801,0.3286956009098012,0.1534146423033491,1.4571733457391893,0.33063845952407456,0.11560366246620446,1.4185795095580318,0.31648581189163094,0.13016898803548127,1.0208515278318626,0.5871298593998678
0.29405712894409386,0.2693940678987554,0.2857205108030756,0.45708182731355246,-0.6256638409674903,-0.12019558842777177,0.46999220618116744,29,3.5208333333333335,-0.09754311857265817,-0.14349366729186905,-0.18122516368403083,-0.2097627546837789,-0.008906077182225648,1.0320350394348186,0.6446886446886447,0.06823700591360211,-0.05433437591857027,1.2558717158335895,2.0999593111583947,0.30213428464200887,-0.2230457950377214,351.32298672206565,22.75,6,8,0.49633699633699635,0.7824427480916031,0.20129909423916983,0.9327731092436975,0.8284412948392755,0.985981308411215,1.9655270477148095,0.5349373343581332,1.894151490110627,163,-0.3159050063619544,-0.9257675571207992,20,0.20930004680292402,0.6852479784121446,90,-0.09487128260874696,-0.07876483351729723,25,0.13491307953351672,0.0039140323068174165,0.5942618268382791,0.3336684837349473,0.1534146423033491,1.5051098483117602,0.3011008359646725,0.11560366246620446,1.4127595001540723,0.3031596802455607,0.13016898803548127,0.9805436947302331,0.5799026674386095
0.29701286160969387,0.2587664469875476,0.296979107490477,0.47315575836083024,-0.6124827921416783,-0.12040487604668931,0.4849325816503746,38,3.9069767441860463,-0.0914776577514445,-0.1374421101380728,-0.17097989902306374,-0.19708341012584837,-0.03167274058626371,0.9047963907918652,0.6593406593406593,0.06504386398068081,-0.05353037335520981,1.21508332379958,2.1612536157011526,0.2835788195312809,-0.2102536543408085,370.09271758745984,22.75,6,9,0.4855514855514856,0.7786259541984732,0.20496071858521242,0.9201680672268907,0.8471741349389708,0.9953271028037384,1.956076042538327,0.5314800283943806,1.9524120975479013,163,-0.3176679535846739,-0.9803251987648096,20,0.2134645080561388,0.7315894741723826,90,-0.09052771561861951,-0.07876483351729723,25,0.1329869436588662,0.0039140323068174165,0.5930325448428234,0.355439401748451,0.1534146423033491,1.6248828376199775,0.27535924273103496,0.11560366246620446,1.3838158278190522,0.2978546801322979,0.13016898803548127,0.9933547282937687,0.5921460653048285
0.2840882399725819,0.25088799024946945,0.2923910752615073,0.4601352661240929,-0.6188406731582606,-0.1284120125084005,0.45906523648927966,32,3.6739130434782608,-0.0857677935795793,-0.13668620309377433,-0.17329896616780588,-0.19896965811475045,-0.0947395461674045,0.9244892199340233,0.6446886446886447,0.06437166418445996,-0.0502571925004082,1.2808448101022976,2.1299946192916286,0.2497483000245694,-0.21366030072816486,294.483517811836,22.75,6,10,0.4835164835164835,0.7595419847328244,0.19020583409299313,0.8991596638655462,0.7868523248974896,0.985981308411215,1.7978594255994866,0.5120553634425733,1.9623722115842273,163,-0.35859542378656506,-1.162147469167302,20,0.21411102735747467,0.7644598556694387,90,-0.08757901538426255,-0.07876483351729723,25,0.09872878008296859,0.0039140323068174165,0.4844143206725829,0.3638051229956145,0.1534146423033491,1.7391754030249422,0.266192869671231,0.11560366246620446,1.3839768113666404,0.2915755316708133,0.13016898803548127,1.0007527453393616,0.5707280727287876
0.27973081557847834,0.24534815905987703,0.293469565346232,0.4527812575273611,-0.6177653596296356,-0.12762151643995764,0.45281078198716634,31,3.5652173913043477,-0.08889070599761154,-0.13739752655864965,-0.17671656082307313,-0.19784557841879713,-0.19293062557042326,0.8896514453572042,0.652014652014652,0.06271280185729777,-0.050686461810796696,1.2372692750066716,2.123008820631625,0.23430502107621126,-0.21191773078833018,272.4946163270297,22.75,6,11,0.4825174825174825,0.7633587786259542,0.18660082066031258,0.9285714285714286,0.7531408604305307,0.9953271028037384,1.6819333448951153,0.5098085315479397,2.0030599279893506,163,-0.36036225071976147,-1.1789928534164602,20,0.20119828981869636,0.7459169894748956,90,-0.08858036615227177,-0.07876483351729723,25,0.1023933503436587,0.0039140323068174165,0.5006713210529046,0.37495203578422687,0.1534146423033491,1.781852525235447,0.23393137149335042,0.11560366246620446,1.2576694747389254,0.29195618944217183,0.13016898803548127,1.0276568908982877,0.5658051564766218
0.2825410821506693,0.2385946377293472,0.30252046036085317,0.47012119721166545,-0.5911660641595204,-0.11848910315548383,0.4779386018247968,30,4.205128205128205,-0.08593398211154692,-0.1319992273806257,-0.16697561557837418,-0.18850272405396076,-0.2121994200282416,0.7642651060503032,0.6556776556776557,0.06154075835185034,-0.049512118057063896,1.2429433594604689,2.1632199881800434,0.221346956325865,-0.2094702024090154,286.4893358801455,22.75,6,12,0.47802197802197804,0.7595419847328244,0.1848833981351853,0.9117647058823529,0.7500262708020693,0.9953271028037384,1.744110800953722,0.505196902717179,2.0696394002670173,163,-0.33147128256626623,-1.0878330763246786,20,0.1989796906231598,0.7465607186573426,90,-0.08763367567744446,-0.07876483351729723,25,0.11034549577339914,0.0039140323068174165,0.5366807620209413,0.3612663219454497,0.1534146423033491,1.755540106180198,0.24715953259724488,0.11560366246620446,1.3512179230704664,0.2880653245690279,0.13016898803548127,1.0455646438279647,0.5830875743689332
0.29168834655889864,0.23244219750286624,0.3177784775645622,0.4923130637139539,-0.5814839119821575,-0.11270037275423404,0.5016275438551582,29,3.5454545454545454,-0.08372180439888194,-0.1281538319833567,-0.15475910158544115,-0.18181660068958003,-0.2553394677617631,0.6818567037155141,0.6593406593406593,0.06094013533090995,-0.048115555970971134,1.26653707103948,2.2364490774370487,0.2139500974066051,-0.2104287974299426,336.9392360294154,22.75,6,13,0.4705550859397013,0.7938931297709924,0.19098100897402567,0.9537815126050421,0.7742891796194042,1.0,1.8077122998504647,0.508747823160727,2.1570919651206846,163,-0.30598315862612957,-0.993691624699848,20,0.2051833102364864,0.7853150029000631,90,-0.0874736981469915,-0.07876483351729723,25,0.14516107472268458,0.0039140323068174165,0.6636819972615375,0.3605088282076263,0.1534146423033491,1.7594826611811574,0.2519953854102541,0.11560366246620446,1.429593682514585,0.2921605386584982,0.13016898803548127,1.0845715077341076,0.6092117003277655
0.29211404692763154,0.22793736540993711,0.32322538006106094,0.4911252210896191,-0.578400262360429,-0.11318141308920582,0.505037888011194,29,3.441860465116279,-0.08498005004429372,-0.1281872764737648,-0.15787302135002715,-0.1773580080823087,-0.2916117670145018,0.7497347254814408,0.6703296703296703,0.05909327786067213,-0.04816182973797936,1.2269732728628553,2.2728772245140463,0.2024346514427065,-0.20761782887775082,339.4821027661904,22.75,6,14,0.4667713239141811,0.8015267175572519,0.19093069607408175,0.9537815126050421,0.7693901228771753,1.0,1.7651234139495062,0.5083384411473013,2.208698739045895,163,-0.3090105003950878,-1.0156571553521723,20,0.2045361434152666,0.801598398760789,90,-0.088022427002271,-0.07876483351729723,25,0.15037756542811787,0.0039140323068174165,0.6843546702748884,0.36758875107218514,0.1534146423033491,1.8114924867976891,0.2381268384046351,0.11560366246620446,1.4147834333666707,0.287475863469409,0.13016898803548127,1.0916698950679382,0.612590510125334
0.28714673063668283,0.2251988366852107,0.32139617325042563,0.4825059540394198,-0.5724022650272954,-0.10997290554961202,0.5016519817981329,30,3.488372093023256,-0.08644379406738485,-0.12746551210067197,-0.16355749519536456,-0.1800804245846591,-0.3394505159062109,0.832117617046447,0.6703296703296703,0.05850287948271991,-0.048097153515629945,1.2163480623382101,2.2527876557093935,0.20775882797538803,-0.20695061218047978,310.91647745302447,22.75,6,15,0.46251526251526254,0.8015267175572519,0.18348228445463843,0.9495798319327731,0.7275140151350294,1.0,1.6676981317436828,0.5012104669870163,2.212027172951718,163,-0.3010858775983797,-0.9745568659274944,20,0.19601083586702872,0.787605651015743,90,-0.09017724373447768,-0.07876483351729723,25,0.15183130235626763,0.0039140323068174165,0.6927846646702482,0.3566767006330316,0.1534146423033491,1.795694491129868,0.24383344222407333,0.11560366246620446,1.4922550764759692,0.27549495843462135,0.13016898803548127,1.0580250008063004,0.6088335145762671
0.2855057157335845,0.22130716782516469,0.3242874081777552,0.48393961907047434,-0.5547275172611694,-0.10723410273694757,0.5146773989925697,29,3.5476190476190474,-0.08288720488448682,-0.12626705043472305,-0.15738539768518692,-0.17835575311773777,-0.3990836845404784,0.7776203961504455,0.673992673992674,0.05759234155500809,-0.04795340463465445,1.2010063100584911,2.2590486399289653,0.19289702069780543,-0.2067077882009482,301.99382146020935,22.75,6,16,0.4581043956043956,0.8015267175572519,0.1823579759244547,0.9495798319327731,0.7203877252974658,1.0,1.652450691211238,0.4968705943130338,2.213945543624292,163,-0.2905467126600665,-0.946774806421557,20,0.19104050886227508,0.7935088896731926,90,-0.08964231210105338,-0.07876483351729723,25,0.16681125179912382,0.0039140323068174165,0.7517121828948221,0.346459343412548,0.1534146423033491,1.7866506363957675,0.24067242387093768,0.11560366246620446,1.4748145833528032,0.2726838182993294,0.13016898803548127,1.061187533806283,0.6163578656126172
0.2815077599662341,0.21875058216105447,0.32316644230522934,0.48452780641291554,-0.5523948448707637,-0.10741370685047551,0.509613300305318,29,3.25,-0.07993686217125356,-0.12448675639976382,-0.14948223456059967,-0.18160974852262504,-0.42028934779950844,0.759591655632573,0.6813186813186813,0.056357735388331894,-0.048713369876387545,1.156925409417215,2.250726287578409,0.18896071036350529,-0.20326591179803039,281.26577160841936,22.75,6,17,0.4593837535014006,0.7862595419847328,0.17763033338880216,0.9369747899159664,0.7016329771730795,1.0,1.615717709949601,0.48913372078598005,2.21242934577593,163,-0.2740259835007324,-0.8895485038114301,20,0.18336288275075185,0.7715226901012364,90,-0.0884220974726953,-0.07876483351729723,25,0.164173095516555,0.0039140323068174165,0.7472993090914828,0.3426403513987053,0.1534146423033491,1.8077671518621514,0.23617675157646856,0.11560366246620446,1.4236837114048297,0.2736857542866613,0.13016898803548127,1.0807500862179755,0.6129311855469206
0.2658294760308857,0.21532974409691844,0.3105219211137775,0.4624713133316644,-0.5504066369009429,-0.10755869276406836,0.4829692416640085,30,3.8205128205128207,-0.07913229422242789,-0.12470042159612761,-0.15124692849865495,-0.18077070426594397,-0.4444675230438185,0.8024505041341903,0.6886446886446886,0.05421356999268732,-0.04999262131121558,1.0844314334948624,2.1800452544548428,0.1795309412217592,-0.2023449057416703,212.32212457521243,22.75,6,18,0.46194546194546193,0.7900763358778626,0.16320388544062314,0.9117647058823529,0.6377997059207543,0.9953271028037384,1.443543492516383,0.4691435915478499,2.1757889370591883,163,-0.28337169823727737,-0.9489997721793733,20,0.1692794262437176,0.7233051699747938,90,-0.08878079077755037,-0.07876483351729723,25,0.1510237996750563,0.0039140323068174165,0.7110505138472257,0.3311151371705916,0.1534146423033491,1.77217847164996,0.2240126161357514,0.11560366246620446,1.3936279143290105,0.2443911090978419,0.13016898803548127,0.9939337615989444,0.5896096386008047
0.2596034748686926,0.21346105403112547,0.30591999979500395,0.4501896728985921,-0.5436255717185594,-0.10614229382202571,0.4775409553454414,30,3.75,-0.07943653173706486,-0.12373152292241028,-0.1512917969960887,-0.18021435813795572,-0.45505804685535906,0.8190617555017012,0.6776556776556777,0.054277897974727055,-0.047974757524980954,1.1313845191706073,2.1580971026807276,0.18355686848131655,-0.19864379994130818,189.68656203203,22.75,6,19,0.4584538268748795,0.7786259541984732,0.15753737819082297,0.9117647058823529,0.6231038812548985,0.9953271028037384,1.4098673013247713,0.4632452327458372,2.1765906646327338,163,-0.2743445848996935,-0.9175473119135155,20,0.15595637318180278,0.6752492357711738,90,-0.08804007802889156,-0.07876483351729723,25,0.14556618447360314,0.0039140323068174165,0.6973144608211697,0.3321262995859513,0.1534146423033491,1.8042568421441296,0.21565034773577207,0.11560366246620446,1.3291850822858409,0.23900483860495414,0.13016898803548127,0.9813909646183747,0.5834371578904975
0.2548454327531253,0.2107164055310386,0.30379597460415525,0.4515964937504393,-0.5209110409297262,-0.10028489768560654,0.4892302384266518,29,3.775,-0.0807913052363752,-0.1206188095303921,-0.14741994198090383,-0.17441827235987226,-0.43840671847132323,0.715909399702316,0.6703296703296703,0.05415717778683932,-0.04658415449780568,1.1625665072313454,2.1410678573437307,0.18228261593596062,-0.19728561931535066,173.95559301006415,22.75,6,20,0.45641025641025645,0.7786259541984732,0.15199424217827887,0.9117647058823529,0.5981727910915434,0.9953271028037384,1.3452417773552163,0.45807201784577023,2.173845003117673,163,-0.255842549804865,-0.8671472829050736,20,0.14192049434455556,0.6247278154809924,90,-0.0869960461738342,-0.07876483351729723,25,0.14931932736067255,0.0039140323068174165,0.7220109823858955,0.32801984642472815,0.1534146423033491,1.7901883908788243,0.20930203788626112,0.11560366246620446,1.2920388414057664,0.23247381112329957,0.13016898803548127,0.9693186077559419,0.5910775052810398
0.4263172821387662,0.5566383879726411,0.2447938855805732,0.5751742396639627,-0.6315079832901054,-0.260840067049552,0.6750782150333045,57,8.56,-0.17268279305304446,-0.22858188063204618,-0.2773608557762729,-0.28624696066892014,0.8179987280906178,1.417900387692968,0.5777777777777777,0.14446292464708685,-0.0986822544347165,1.4639199871812483,1.920930487617191,0.7414521252787116,-0.30026631767182577,2949.2800965922975,22.5,9,1,0.5074074074074074,0.637065637065637,0.4926407298604888,0.7148936170212766,3.212817415655716,0.8862559241706162,10.629958214602787,0.8653882403803348,1.2045755944123906,160,-0.24524486363679143,-0.5208613074864852,20,0.5242132005041327,0.7182261144508386,90,-0.06606798827135048,-0.07876483351729723,25,0.37403283649000807,0.0039140323068174165,0.8776353062340397,0.20057350551798958,0.1534146423033491,0.632882802619273,0.7708203772325515,0.11560366246620446,1.2127346841425435,0.41651567271720613,0.13016898803548127,0.8441562501812948,0.6720353232654028
0.5844734827254576,0.4573282145379326,0.337681326747517,0.6940426145947148,-0.5843924715060141,-0.1648353527986893,1.000138624680148,31,3.8666666666666667,-0.14203754981394554,-0.19794031917431934,-0.22487635490426455,-0.26241918743414877,1.0081766330793163,5.058337880960359,0.6481481481481481,0.11683150867821496,-0.08150421585990537,1.4334412943623969,2.5087491208939157,0.8632784000341396,-0.27808688660706554,31433.890053412502,22.5,9,2,0.4166666666666667,0.7722007722007722,0.6161977288946424,0.9957446808510638,3.5465199574354767,1.0,13.570918897441931,0.996199880825847,1.615862284267653,160,-0.3813013510091289,-1.1848188861929634,20,0.6850537477297494,1.1152923071754433,90,-0.06400339689114383,-0.07876483351729723,25,0.23701691892790433,0.0039140323068174165,0.7257079712897492,0.45569245746244347,0.1534146423033491,1.2343662629747407,0.765790452200551,0.11560366246620446,1.6921311436417565,0.8019803523389533,0.13016898803548127,1.2521030658346868,0.7886099534329664
0.5467599293418439,0.3872104229139832,0.36137851276494887,0.6933547521849708,-0.5802705217372948,-0.15332439181157664,0.9422500521047973,27,4.135135135135135,-0.14004464213127102,-0.17572838784271622,-0.19610536763722378,-0.21621393140344083,0.5976345266736411,1.970980659488239,0.6888888888888889,0.09627227307471534,-0.07540860370431733,1.2766749196445273,2.6663972823591893,0.5697945250185366,-0.22853781201871412,18280.656062808444,22.5,9,3,0.41851851851851857,0.8532818532818532,0.5189892411397713,0.9957446808510638,2.5935935540225294,1.0,8.245949032441647,0.8486130743204037,1.824474532541711,160,-0.35051974770373484,-1.0449946978500388,20,0.6579765523803969,1.1966787941786965,90,-0.07955438634459343,-0.07876483351729723,25,0.2722618527133618,0.0039140323068174165,0.850222652014863,0.49734111726512187,0.1534146423033491,1.4605961084622083,0.553366842919456,0.11560366246620446,1.5471382871794905,0.6814905754826297,0.13016898803548127,1.338414576906794,0.7852688628217284
0.505057181912298,0.3374394100381384,0.3770220539091443,0.6500464968614957,-0.5400511810020364,-0.1388244289313669,0.935202439470998,27,3.4634146341463414,-0.12397554290054275,-0.16370015660397447,-0.18623947822951745,-0.22672301530887826,0.32926637734859737,1.977993677468259,0.6962962962962963,0.08595312382963585,-0.068016013876249,1.2637189233997501,2.714211403134878,0.5077595827767457,-0.2450246518973746,9883.222444472116,22.5,9,4,0.3962962962962963,0.8494208494208494,0.4742146026554543,0.9914893617021276,2.4291546380275872,1.0,7.334734339371434,0.8132089204928905,2.006696757907919,160,-0.31811361470396293,-0.9847207104867144,20,0.49658624176899324,1.1325523209508233,90,-0.0771897688470172,-0.07876483351729723,25,0.2970393646311156,0.0039140323068174165,0.9728026858678407,0.525650067434664,0.1534146423033491,1.7836769761517073,0.47092381407554273,0.11560366246620446,1.5631930421046163,0.6257686420096478,0.13016898803548127,1.3607896847718728,0.7970991351594647
0.4870465319662296,0.3105124525503373,0.39079555617895545,0.6602340166378752,-0.5619317302380855,-0.13956117499309348,0.8667361278208516,28,3.0851063829787235,-0.11245794114707662,-0.15289525160098474,-0.17792775584313536,-0.21555284295486823,0.14532052723166225,1.2424448141573565,0.6851851851851852,0.08247299934720234,-0.06039480304929934,1.36556450527508,2.7687243475902186,0.41139444934328023,-0.22351371851752416,7537.805967945032,22.5,9,5,0.39185185185185184,0.8648648648648649,0.42571634988028245,0.9744680851063829,2.1002550724798548,1.0,5.9576496197228135,0.7977706829380293,2.177174602616933,160,-0.3271852268271579,-1.0514285981859788,20,0.4366361361203015,1.1157090299061339,90,-0.07503274514002788,-0.07876483351729723,25,0.2840055800626127,0.0039140323068174165,0.9688522680773317,0.5110738315500405,0.1534146423033491,1.9081638191955592,0.43377538095731216,0.11560366246620446,1.6203276985067812,0.5769309516282313,0.13016898803548127,1.3924137944520063,0.7837132030257863
0.45039204999905613,0.2950427579237827,0.3821774414811223,0.6222988686331328,-0.5268067726028874,-0.12790168200043778,0.8549473420277504,27,2.86,-0.10926509127406224,-0.14977670858339628,-0.1856850004225558,-0.22607984026628183,-0.06660700937636978,0.9480859956464922,0.6777777777777778,0.07963837361070666,-0.05884206566999866,1.3534258647094242,2.6458317690383333,0.3430164600279502,-0.23465364642943773,4298.537474886152,22.5,9,6,0.3796296296296297,0.8764478764478765,0.3809147209516426,0.9872340425531915,1.8230593591015187,1.0,5.198644786965705,0.7679171269609637,2.248022514951788,160,-0.29097732512512264,-0.921798873844411,20,0.34295119089172044,0.954486533853856,90,-0.0816587677490651,-0.07876483351729723,25,0.2151351961316228,0.0039140323068174165,0.8116656804853338,0.48280734976747075,0.1534146423033491,1.8651065955026813,0.4219561785592001,0.11560366246620446,1.651656110763735,0.5554778456780629,0.13016898803548127,1.4286974656647322,0.7855952826127828
0.4132722452443782,0.2778297523278594,0.37307166719213797,0.6086997362125492,-0.49192147047842516,-0.1164620908050461,0.8401183319818191,26,3.0851063829787235,-0.10644492674281475,-0.14218543107330622,-0.1758925216087681,-0.21231324800003162,-0.02377478096759771,1.242907127068535,0.674074074074074,0.07474558618241091,-0.05521652269480648,1.3536815165914329,2.591199932464754,0.3500559541642479,-0.21797070073579117,2398.2813430201477,22.5,9,7,0.3867724867724867,0.8841698841698842,0.33571996219276445,0.9744680851063829,1.5473737857995276,1.0,4.155443698386317,0.7274406621930789,2.2746812818636934,160,-0.2772383378232566,-0.9217853295437198,20,0.2717957057948781,0.8381492550205003,90,-0.08087527962017389,-0.07876483351729723,25,0.21128691781467457,0.0039140323068174165,0.8315792239439628,0.4739737623399525,0.1534146423033491,1.9426133225229858,0.36299075879152354,0.11560366246620446,1.5846143180210877,0.5048809622320056,0.13016898803548127,1.3690328441052528,0.7966324170788885
0.40017258752025686,0.26693487652689823,0.3748096684056397,0.6365669992771963,-0.5029524979982987,-0.11557443517573315,0.7956468833794529,33,3.0652173913043477,-0.10121767135832223,-0.1349983666223378,-0.16549055083226583,-0.19021130418474294,-0.0488980170298227,0.8101362992339931,0.6814814814814815,0.0717457444633941,-0.05508390839298952,1.3024810068220418,2.575525240183144,0.3224960425168678,-0.207227350085666,1944.742402226527,22.5,9,8,0.38472222222222224,0.8725868725868726,0.31648870940684976,0.9787234042553191,1.4457032571059292,1.0,3.83139985782424,0.6900647488643157,2.30726767553107,160,-0.27340338421764354,-0.9302016240566616,20,0.2744145298033611,0.8657901471771778,90,-0.08210083785884752,-0.07876483351729723,25,0.1925436388494668,0.0039140323068174165,0.780780082888901,0.4294502777805107,0.1534146423033491,1.8670288723117572,0.36111421244734654,0.11560366246620446,1.600214427278047,0.4845050389721941,0.13016898803548127,1.3950559344821623,0.7954360134277109
0.3930823453232648,0.25667298841598174,0.3810042206959784,0.640493611914209,-0.49204862011964406,-0.1062978060495947,0.7988689110187625,26,2.978723404255319,-0.09512748934924678,-0.12934887869415448,-0.16356415489020584,-0.18527610889731136,-0.07011502965137256,0.8020458752685351,0.6925925925925925,0.06849225247845862,-0.05445674729004192,1.2577367523194554,2.610757609898691,0.2982722560393123,-0.20321044870939844,1734.7122917109207,22.5,9,9,0.3851851851851852,0.8687258687258688,0.3043721310102131,0.9829787234042553,1.3655323995403295,1.0,3.5322109593694493,0.6613397815491053,2.360395413172112,160,-0.270624250117928,-0.9359478860856669,20,0.2838644706671165,0.9152314168185653,90,-0.08299792771193747,-0.07876483351729723,25,0.20387277439938511,0.0039140323068174165,0.8276787267847747,0.4052712238527234,0.1534146423033491,1.8251758647751877,0.35700361857719143,0.11560366246620446,1.6611743584719594,0.4597020961640548,0.13016898803548127,1.3974858884877703,0.80236336904016
0.3764493669707252,0.250545451182222,0.374473881385628,0.6208681285191626,-0.511302355205249,-0.11533074908297355,0.7362558829200178,27,2.9583333333333335,-0.09223815472357931,-0.12855455796499654,-0.1639244371635493,-0.19021530928163155,-0.1265634228898372,0.8328110273690128,0.6888888888888889,0.06695414412081321,-0.053271667507261554,1.2568434076460357,2.560348172054892,0.2753661825519803,-0.20732141565989584,1323.6630089282805,22.5,9,10,0.37851851851851853,0.8532818532818532,0.2877638576956402,0.9702127659574468,1.2690475819488163,1.0,3.2139450782679493,0.6502223427464993,2.41024616481622,160,-0.29151529624250827,-1.0185411859037599,20,0.25581514942437744,0.8600554784794023,90,-0.08558406435166434,-0.07876483351729723,25,0.20111212525057143,0.0039140323068174165,0.8241060405315399,0.4049960428832682,0.1534146423033491,1.8569100299487085,0.33122294401969543,0.11560366246620446,1.5739675208660442,0.4297331008488221,0.13016898803548127,1.365847699573172,0.767496532632264
0.35452574424407124,0.2409975671890008,0.3669527195632987,0.5838372662265887,-0.5067431717743772,-0.11363459081045481,0.6996162237424692,27,3.108695652173913,-0.09321726633585342,-0.1272966631752072,-0.150036245337763,-0.18610307513328195,-0.20346740957335005,0.7677202297350227,0.6777777777777778,0.06485597346379399,-0.0495396161674074,1.3091739194068155,2.5207940500681225,0.2514182390168228,-0.21108875205507188,922.02493416771,22.5,9,11,0.3764309764309764,0.8455598455598455,0.2634022203146403,0.9702127659574468,1.1255962977771796,1.0,2.705735306665113,0.6151563870459877,2.4087080147827,160,-0.28366984396749917,-0.9861155247374335,20,0.2330900645861409,0.8290159438399873,90,-0.085045462089642,-0.07876483351729723,25,0.21479965187212802,0.0039140323068174165,0.8766757258568988,0.3758852772053094,0.1534146423033491,1.837327666726098,0.30352810663146523,0.11560366246620446,1.4754550908747346,0.3960653069339721,0.13016898803548127,1.3365221784726073,0.7398831612001424
0.33488425288521917,0.23628008712083723,0.3547383297194928,0.5563597830612323,-0.5259384644351395,-0.12069271784885421,0.636736568117121,29,3.1739130434782608,-0.09165892426220286,-0.12821809185014962,-0.1479214819716588,-0.1853266138427695,-0.2532213107764629,0.8106376698800286,0.6703703703703704,0.06362851728265867,-0.04851610270855345,1.3114927566397636,2.4389477210582764,0.24647260665626625,-0.20970569199964784,663.4789422478785,22.5,9,12,0.3762345679012346,0.8301158301158301,0.24123553746493906,0.9659574468085106,0.9986091202321536,1.0,2.3399531839802634,0.5905498724991318,2.399909846622975,160,-0.31433772829492945,-1.1129539715827714,20,0.22083979744296278,0.8090594097198943,90,-0.0866143920299611,-0.07876483351729723,25,0.18046848498480594,0.0039140323068174165,0.7731493716013838,0.381589718710575,0.1534146423033491,1.9035154592094068,0.2747012009082159,0.11560366246620446,1.3702540554082632,0.3752856818416237,0.13016898803548127,1.307887661116284,0.6996681895625005
0.3322280800034769,0.23153620043118162,0.3581313090800693,0.5568950180363561,-0.5378748567845791,-0.12242378754005102,0.6176679869171418,34,3.2222222222222223,-0.0938943799071433,-0.12713032456057133,-0.14527329446977516,-0.18078315515813215,-0.2894547162173069,0.7164853399429565,0.6703703703703704,0.06278716449870558,-0.04759080105211234,1.3193130418198487,2.4502758998438163,0.2348589355906444,-0.20187575636625224,634.3574447295766,22.5,9,13,0.37207977207977205,0.8223938223938224,0.2405635828814555,0.9702127659574468,0.9999988258155474,1.0,2.3457655675910045,0.5964499055260639,2.482549400852747,160,-0.3162186723310234,-1.13033259300587,20,0.20226850160051346,0.7678638265724987,90,-0.08813352953473105,-0.07876483351729723,25,0.17277092807434635,0.0039140323068174165,0.756726565011383,0.4017511460999441,0.1534146423033491,1.9690586518844542,0.2655594566688335,0.11560366246620446,1.3873716914521406,0.37618448479641176,0.13016898803548127,1.338229473480933,0.6925147369261299
0.3234506613791952,0.22770902702661416,0.3544638668182062,0.5499475304070357,-0.5344439232695865,-0.12068355962216215,0.605209727898878,36,3.441860465116279,-0.09070503845172603,-0.12452353530482575,-0.14943904160596053,-0.1736187614786632,-0.279842979971536,0.7804544768457613,0.6703703703703704,0.06151280839299562,-0.04693082340385973,1.3107123193567625,2.430512222966754,0.24300502572955157,-0.20119582586730236,546.550896812801,22.5,9,14,0.37037037037037035,0.8262548262548263,0.2305420983352019,0.9787234042553191,0.9524322418150973,1.0,2.2514596187696214,0.5827161219311043,2.4693700702708834,160,-0.30701324391791585,-1.1160493907064046,20,0.19067152650629815,0.7396772526643056,90,-0.08726430639817057,-0.07876483351729723,25,0.16416387490402662,0.0039140323068174165,0.734362580625657,0.3847549215585979,0.1534146423033491,1.9264151280846498,0.27386845150597594,0.11560366246620446,1.457371010283457,0.3690317071197453,0.13016898803548127,1.3287368120320597,0.6856943798337323
0.30626202773633726,0.22448644576520818,0.34141347423749213,0.5230371895200684,-0.5430935899718139,-0.12271485007139206,0.563921271382032,37,3.340909090909091,-0.09036696045796207,-0.12363138393823395,-0.1516384124569321,-0.1697331031787684,-0.25089511583997626,0.7948624620252907,0.674074074074074,0.059222175027158167,-0.047032226730158964,1.2591828868094506,2.370059758269696,0.23682993845675504,-0.18964559360262762,407.02033008930385,22.5,9,15,0.36617283950617285,0.8223938223938224,0.21313729793952296,0.9659574468085106,0.8771741801892876,1.0,2.0717892759971925,0.556724306057893,2.415808465883485,160,-0.30742915878281496,-1.142697130291067,20,0.17710393215035292,0.69663808451075,90,-0.0866641357499901,-0.07876483351729723,25,0.14775674925256022,0.0039140323068174165,0.6782559853117799,0.36288351794883167,0.1534146423033491,1.8763063269999765,0.26346396142007866,0.11560366246620446,1.4575618619343587,0.35569095332384526,0.13016898803548127,1.3046067777378465,0.6573076345044693
0.2896887028800106,0.2210087380394366,0.32880903682371104,0.5016013728526904,-0.5361857195360531,-0.1208758372528323,0.5402767965000455,36,3.3181818181818183,-0.08835982493515344,-0.12290678305476435,-0.1495663552592843,-0.16753162343345762,-0.28891757646608146,0.695460399807641,0.674074074074074,0.05766333777779586,-0.04732720894835741,1.2183971769963668,2.290092289657517,0.22147494877202334,-0.1904843332842118,305.1330028164194,22.5,9,16,0.36574074074074076,0.8146718146718147,0.19446775996665278,0.9617021276595744,0.7878774883123565,1.0,1.8321139811443916,0.5404434098322755,2.396089674549591,160,-0.3047910555585249,-1.145519740091241,20,0.15098582959173856,0.6117022927334452,90,-0.0876867387748351,-0.07876483351729723,25,0.14231169564287116,0.0039140323068174165,0.6661679567344669,0.3418846958474886,0.1534146423033491,1.8022404026108518,0.25903144474643325,0.11560366246620446,1.4499088700308915,0.3312686285262225,0.13016898803548127,1.2490483930709342,0.6368073801695266
0.28422157501657375,0.21810080910012458,0.3265739060069492,0.5045986909619318,-0.5309675709247857,-0.12081127597199233,0.5352898944874266,37,3.340909090909091,-0.0897876840786221,-0.11983190388826116,-0.14837565453681095,-0.1657406412448694,-0.25987222666659887,0.6072424297174108,0.674074074074074,0.05667538389129659,-0.04656258136914177,1.2171873256334718,2.284651793602445,0.21345397591727136,-0.1797232150549131,277.2269154369847,22.5,9,17,0.3620915032679738,0.8108108108108109,0.1880119604316591,0.9702127659574468,0.7570868258813879,1.0,1.7298711099481114,0.5259833631585951,2.3894011629739578,160,-0.3036455483731755,-1.1660434922549265,20,0.1532823020135159,0.6209302606454807,90,-0.08631029414576373,-0.07876483351729723,25,0.14427089893647893,0.0039140323068174165,0.6706641620034592,0.32739065268357836,0.1534146423033491,1.7295470533109618,0.2589631077909973,0.11560366246620446,1.472214293713039,0.32453966858913086,0.13016898803548127,1.256883611159251,0.6358089470606935
0.27289987001203286,0.21581962909031724,0.31729394457038274,0.49423963240407215,-0.520862577854911,-0.12225823889382784,0.5239383315574854,37,3.5853658536585367,-0.08989382314044672,-0.11850487734657764,-0.1382557221890519,-0.1606037191174293,-0.2620858698669349,0.49418001503162357,0.6851851851851852,0.05482848003767516,-0.048706161270368004,1.125699061630461,2.2235341405856457,0.19705563562418618,-0.1820681440896995,226.96619374913914,22.5,9,18,0.3617283950617284,0.803088803088803,0.17406196825167602,0.9574468085106383,0.6985204366422719,1.0,1.6051864808587428,0.5110571178012286,2.336767633150172,160,-0.30542587876256944,-1.2091213083536962,20,0.14203884536745348,0.5861896589991988,90,-0.0858043193401659,-0.07876483351729723,25,0.12673387315792617,0.0039140323068174165,0.6179798755092483,0.3169552893017029,0.1534146423033491,1.677468041869589,0.2570597179704537,0.11560366246620446,1.4750593457136205,0.309609358955929,0.13016898803548127,1.2201245219508379,0.6243840693633611
0.26525890235834093,0.21364348403923056,0.3116576781303816,0.48455231466939985,-0.524279108219244,-0.12068472066242954,0.5059497855241917,39,3.5952380952380953,-0.09058059852482185,-0.11890093189957086,-0.1440522782759994,-0.16035152573375971,-0.3006039532922507,0.4687888865105494,0.674074074074074,0.0549716092708275,-0.04715067640382551,1.1658710640759216,2.1874972161610535,0.19871671411837316,-0.180146806015691,198.0840824816725,22.5,9,19,0.3623781676413256,0.7837837837837838,0.1671775140561146,0.948936170212766,0.6713721963947342,1.0,1.5555276666904507,0.49450913631036597,2.3070465720201883,160,-0.31449467125964414,-1.27056073874839,20,0.14587845735166471,0.6029520419098641,90,-0.08651635974560756,-0.07876483351729723,25,0.11212075973995006,0.0039140323068174165,0.570186372155077,0.31301348260761963,0.1534146423033491,1.654654220418034,0.25526801390487885,0.11560366246620446,1.4908563223929256,0.29753615836017855,0.13016898803548127,1.1946201860172707,0.6106661839798905
0.25944469173720597,0.2115119791070017,0.3077770732482524,0.47558009172974375,-0.5225427082505588,-0.12069102013131082,0.4965042811635646,50,3.682926829268293,-0.09040530515234552,-0.1169054303746427,-0.14657395218909813,-0.1608944719949185,-0.2961402333001811,0.48887121561054236,0.6814814814814815,0.05350773940070453,-0.04773956198725362,1.1208259391862667,2.17389450195505,0.19891240319824818,-0.17791046101203298,178.4856601356224,22.5,9,20,0.36259259259259263,0.7799227799227799,0.16005758289519437,0.9361702127659575,0.6336100411877812,1.0,1.429789457148997,0.480229818071088,2.2712794561490197,160,-0.3136196163848296,-1.2817425761024963,20,0.14807070393279198,0.6162903666257378,90,-0.08611537242831903,-0.07876483351729723,25,0.11583937012703527,0.0039140323068174165,0.5834810695879161,0.2972286592533637,0.1534146423033491,1.60857260966064,0.24343891021887698,0.11560366246620446,1.4508675208359911,0.2927967595740486,0.13016898803548127,1.1908761205831717,0.6037620173495134
0.3676821494361304,0.5621019965693586,0.22434091383598811,0.4442030902769802,-0.7547383899505749,-0.33735875890656875,0.48716502874619727,54,8.192307692307692,-0.1886442095332841,-0.27256162186190946,-0.3243876652326912,-0.3805531485011773,0.5580900287476732,1.503108779070339,0.5842696629213483,0.14184953414032928,-0.10586059445180038,1.339965403320261,1.808222936396701,0.7414521252787116,-0.40117414541013907,1059.8896822297816,22.25,12,1,0.45692883895131087,0.66015625,0.4451694819719751,0.8275862068965517,1.645999325631766,0.9375,4.587984123833878,0.9178998842698705,1.259539767509363,158,-0.5603162872714009,-1.572163514274909,20,0.4674045706669254,0.6498876412363337,89,-0.06973471106922795,-0.07876483351729723,25,0.17947301598329468,0.0039140323068174165,0.5866911403368629,0.5157744012712455,0.1534146423033491,1.1372519988869643,0.5274579278801732,0.11560366246620446,1.0490972011920119,0.4008190092061539,0.13016898803548127,0.8054550915863673,0.6064384690327566
0.5513547270647936,0.426227330425243,0.3416562725691011,0.6132629632072072,-0.620911950955693,-0.17575376703556778,0.8879757044717234,32,4.2631578947368425,-0.13303560729556216,-0.202845606817178,-0.2657161844517994,-0.31200791785332455,0.3124283534344419,1.3081425138831362,0.6629213483146067,0.10800538102697756,-0.08038181658130979,1.343654393748682,2.505079634410208,0.4862257316271883,-0.38130960428748345,17510.4565938187,22.25,12,2,0.36142322097378277,0.83984375,0.545711771573778,0.9741379310344828,2.6072020183985996,1.0,7.628134368460622,0.855652790301614,1.7468548303031344,158,-0.4080890792358989,-1.1696558182015195,20,0.7807673542648916,1.1829864757008033,89,-0.07154833944759084,-0.07876483351729723,25,0.4609678130209547,0.0039140323068174165,1.0986510333809154,0.5435952109992457,0.1534146423033491,1.4989976548805706,0.5523960525408409,0.11560366246620446,1.346976288284002,0.6153941567874646,0.13016898803548127,1.238771147711774,0.7487104616303399
0.5677565217706009,0.4004846953163988,0.36193939818871734,0.7568008133549918,-0.6095085120358872,-0.18065229473606925,0.9314989217692369,32,4.027777777777778,-0.13496824746279326,-0.17314127763071577,-0.20163749495304267,-0.2369082971302666,0.9615097879903233,4.270871581063413,0.6928838951310862,0.09841425522598081,-0.07775423749244631,1.2657092191990382,2.6979052252463713,0.7062832396834376,-0.2738278800338014,22127.358968419365,22.25,12,3,0.33458177278402,0.8359375,0.5816175305106788,0.9870689655172413,3.198936294250198,1.0,9.864585700678093,0.8750779189250208,1.7279381094134452,158,-0.44786194006863267,-1.5168080721874833,20,0.7612841436181104,1.3704209808596124,89,-0.07524488375214876,-0.07876483351729723,25,0.4468418917521806,0.0039140323068174165,1.1697281633981251,0.43872254663495025,0.1534146423033491,1.3939704219370717,0.5417298838556632,0.11560366246620446,1.5523894288322515,0.747344642095352,0.13016898803548127,1.3360028578650345,0.7988320522147581
0.4784121645177326,0.346541053290045,0.3534196102430415,0.6422702806828827,-0.5973554120748593,-0.14674049187094076,0.8008836194452675,28,4.285714285714286,-0.12144992872494553,-0.16065902297534843,-0.17260947202822594,-0.2288876375989278,0.7007537021113655,3.886298113080125,0.6816479400749064,0.08639013615099665,-0.0661722544764103,1.3055341220359027,2.616958782724951,0.6101261187754216,-0.2725940887756427,5996.226931498983,22.25,12,4,0.34925093632958804,0.82421875,0.4617846354012622,0.9913793103448276,2.264926715399053,1.0,6.452747600384042,0.7312400487666846,1.7663082284926006,158,-0.42785386433969985,-1.4592631864851893,20,0.6121676027825067,1.342392149167019,89,-0.07933529634116913,-0.07876483351729723,25,0.32457216988022664,0.0039140323068174165,0.9822256633871687,0.40868450926896527,0.1534146423033491,1.5098695112737512,0.42059767497945444,0.11560366246620446,1.4342077190547482,0.6623549729413793,0.13016898803548127,1.3915496676090613,0.7624156814024619
0.42745197008369296,0.31359546739077027,0.34858834535103267,0.5969594155257449,-0.5662019550997841,-0.13032716983712264,0.7549461216684802,27,3.973684210526316,-0.11644366404215585,-0.15319349179086722,-0.17845964500192302,-0.22508504997551895,0.4204588999322067,2.7375539561444278,0.6741573033707865,0.0798271339792975,-0.060744169376323015,1.3141530256962026,2.5319384595391017,0.5019431992535358,-0.23727847517181813,2746.852843978133,22.25,12,5,0.3475655430711611,0.83203125,0.38074876963627335,1.0,1.6802402865219346,1.0,4.494269573987006,0.6833564044941298,1.909704234835654,158,-0.3698827652775384,-1.245768338404603,20,0.45614546892430186,1.1320834335009797,89,-0.08211297128234468,-0.07876483351729723,25,0.30628422185758075,0.0039140323068174165,1.0236063030903935,0.38468739933117146,0.1534146423033491,1.5107440775358285,0.3814561582681071,0.11560366246620446,1.4636306315191152,0.5520223511985298,0.13016898803548127,1.3391634983063,0.7592145627822968
0.3979052144492685,0.29457682546116953,0.34496244414795885,0.572099422525786,-0.5045196285769673,-0.12366107855702889,0.7886813354944937,26,3.658536585365854,-0.11215645761050222,-0.14826698893774196,-0.16911963107851402,-0.21261645746624394,0.2453048249538639,1.902334381265475,0.6591760299625468,0.07668464407101788,-0.05500738831790693,1.3940789849507218,2.4971246253263,0.4226083186461829,-0.23845208234557716,1724.3586231750237,22.25,12,6,0.3295880149812734,0.84375,0.33461893789046926,0.9870689655172413,1.4716014069560428,1.0,3.7550767238366154,0.6463377531062706,2.010428020004945,158,-0.3434693480059986,-1.2171060473116864,20,0.3902319820229334,1.014563110681906,89,-0.08078936668677102,-0.07876483351729723,25,0.32878763266142674,0.0039140323068174165,1.132986358123736,0.411112718899564,0.1534146423033491,1.6547591796982473,0.3555158550606128,0.11560366246620446,1.452695932204315,0.44566918165258174,0.13016898803548127,1.2003911743163869,0.7749440208195004
0.3826205607204767,0.27459779842522436,0.35283536125700565,0.5534159507204782,-0.4917435263297589,-0.11420459837623312,0.7780896752749414,32,3.775,-0.10534040632704818,-0.14479897116142518,-0.16545477578566742,-0.20618540674956012,0.020946045896767133,1.4443660884881666,0.6704119850187266,0.07168851525468796,-0.053477270608766544,1.340541774825285,2.5141406636995627,0.3623966321897711,-0.22324805565832184,1349.9584524192041,22.25,12,7,0.319422150882825,0.859375,0.3170612719768665,0.9827586206896551,1.4016662346045483,1.0,3.4886372201088562,0.6411290645525325,2.161191631665978,158,-0.32546323115064746,-1.200088261229271,20,0.32516351625216067,0.9315777859958811,89,-0.08263611624835032,-0.07876483351729723,25,0.3182837447891713,0.0039140323068174165,1.164827499027421,0.4171214561923593,0.1534146423033491,1.7444945354547068,0.3518821282721536,0.11560366246620446,1.5536972933039095,0.40446991380258823,0.13016898803548127,1.1869875836660977,0.7670475683436049
0.3761172484848516,0.2637610008638316,0.3589816871246374,0.5693836602484443,-0.48972273534275973,-0.11505967025726625,0.7680208030807576,32,3.4285714285714284,-0.09847016421375439,-0.13760828084524498,-0.1619247249520528,-0.20261027934785783,-0.024063962385890363,1.3450390118094369,0.6629213483146067,0.07073220844917182,-0.05070125168433183,1.3950781509212746,2.524708524668955,0.3459355485428636,-0.21965355262477954,1215.41986685249,22.25,12,8,0.30758426966292135,0.875,0.30872504080810487,0.9827586206896551,1.3692014918098347,1.0,3.467028313868523,0.6391866607530501,2.23594271144194,158,-0.3493518699308058,-1.378341401444529,20,0.30860220213058387,0.9393868149994642,89,-0.08400340005927591,-0.07876483351729723,25,0.30021720435175725,0.0039140323068174165,1.1164863093834574,0.43798654909035273,0.1534146423033491,1.8334588720036522,0.3435966590516091,0.11560366246620446,1.6574337757414723,0.4000071499712976,0.13016898803548127,1.2173014840469814,0.7674952728116211
0.3634930709528319,0.2589774111179528,0.3537758731861042,0.5652547733322776,-0.5176372124277883,-0.12070997081340507,0.7022158805932835,32,3.302325581395349,-0.09839187065221404,-0.13652181729814172,-0.1642648000556996,-0.18808062664523514,-0.07217949086694037,0.9770497781741168,0.6666666666666666,0.06877350375504272,-0.05080298555273596,1.3537295693705342,2.4893438250330417,0.3088247991120174,-0.2203230381471778,989.8953941993669,22.25,12,9,0.30628381190178944,0.87109375,0.2914305797105069,0.9827586206896551,1.2750103591615585,1.0,3.2391384054348795,0.6391080449761855,2.2963779028179703,158,-0.350604175707914,-1.40712007471753,20,0.2690453133678816,0.8450063688778315,89,-0.08512266358269834,-0.07876483351729723,25,0.25155047217358684,0.0039140323068174165,0.9964054961775678,0.43837045817413456,0.1534146423033491,1.86171874092633,0.3325615106240545,0.11560366246620446,1.5983001104546763,0.4007740600170584,0.13016898803548127,1.2368155518322566,0.7370715068695367
0.35414468276165656,0.25103467416532543,0.35473926989752347,0.5635849712557623,-0.5159313095171377,-0.11530204556950796,0.6864182813272217,32,3.272727272727273,-0.0920544975621954,-0.13567365797658842,-0.1604333593350039,-0.19100628067284464,-0.1728779204964442,0.9135712955838797,0.6704119850187266,0.06691865328403229,-0.050638190217065684,1.3215056264289613,2.467863691319235,0.2853744430504054,-0.21654547335611532,849.2522303685163,22.25,12,10,0.3063670411985019,0.875,0.28249000517462614,0.9827586206896551,1.2136960176746543,1.0,2.9968823972176817,0.629771403353484,2.3403256124110983,158,-0.34809143665369846,-1.3763924401303749,20,0.24810452731985788,0.8247685171554281,89,-0.08442861442998396,-0.07876483351729723,25,0.25560697105610664,0.0039140323068174165,1.0081524387670182,0.418648191388312,0.1534146423033491,1.830267744447593,0.31337609885791595,0.11560366246620446,1.5025534328437675,0.4054879167648906,0.13016898803548127,1.299160006334177,0.7289767287619491
0.33534676157427956,0.24457055110354062,0.3454577622815656,0.532859418871854,-0.5110407441963882,-0.11577230092900813,0.6562035715989974,32,3.4634146341463414,-0.09153925847610372,-0.1347538938295644,-0.15969923666002284,-0.1890581954280625,-0.23927528999434644,0.755224877894201,0.6704119850187266,0.06446004667878609,-0.04963379424084174,1.2987128561238304,2.420107677982165,0.25787010959012585,-0.2124118155691283,621.9709277861117,22.25,12,11,0.309839972761321,0.84765625,0.26161032934972345,0.9870689655172413,1.113387240973696,1.0,2.736653611586575,0.6120296474568065,2.366751246774644,158,-0.3610839228441626,-1.4477603924050424,20,0.22041823489682555,0.7646216216865204,89,-0.08563896852598099,-0.07876483351729723,25,0.21715537381590755,0.0039140323068174165,0.9038734670204951,0.42588038399931727,0.1534146423033491,1.9348182036060069,0.312692359990997,0.11560366246620446,1.5075536640080043,0.38295528692339276,0.13016898803548127,1.274335264574076,0.7044654809327707
0.32364203978218575,0.2389599132767521,0.3410946247201306,0.5231531129998795,-0.5026615930996713,-0.1136476741916736,0.6438567104091674,33,3.3488372093023258,-0.09113870439161463,-0.1324196455531529,-0.15445978708536182,-0.18353725965102533,-0.2604949476155623,0.7070804646689131,0.6704119850187266,0.06281742791423126,-0.04890338824858742,1.2845209741892627,2.3889155779636018,0.24891249351074898,-0.21074055838678044,511.14718080483135,22.25,12,12,0.3114856429463171,0.8671875,0.24296313794614408,0.9827586206896551,1.0287953481858587,1.0,2.4990906434427833,0.5920121029205263,2.351060927071804,158,-0.34622237719412463,-1.391735460062191,20,0.20503634110117863,0.7355560325723053,89,-0.08393887055564214,-0.07876483351729723,25,0.20418941395897772,0.0039140323068174165,0.8730678268738995,0.4115021352074282,0.1534146423033491,1.9040549803421787,0.2835544711846796,0.11560366246620446,1.4463076269384132,0.3849511657450895,0.13016898803548127,1.2997906667332992,0.694944760056808
0.3078769835771791,0.23617035613969573,0.3294034952462979,0.5075694501974032,-0.4954093224235908,-0.10823078073473523,0.6214598103867218,33,3.2888888888888888,-0.08895094901067005,-0.13056452749214767,-0.15187794334425037,-0.1848365613633195,-0.29219060890573995,0.6024812682366738,0.6591760299625468,0.0626071358095798,-0.04795810865046609,1.3054546472188981,2.3059037385076455,0.22908461735615668,-0.20837115641359447,391.29561902448677,22.25,12,13,0.31345433592624605,0.87109375,0.2254103936299084,0.9827586206896551,0.9386588567558751,1.0,2.2285361740205656,0.5668475935686994,2.286800065919829,158,-0.33582862637134037,-1.3355890051141337,20,0.19014561811219943,0.6974324853758551,89,-0.08612723842108438,-0.07876483351729723,25,0.2087416904734154,0.0039140323068174165,0.8953451281368633,0.3920609128821242,0.1534146423033491,1.7944152195008385,0.2788174746752805,0.11560366246620446,1.4325438003512856,0.3500909301389319,0.13016898803548127,1.2228753619870505,0.677645671724914
0.30001265574662406,0.23243774481909202,0.3259999518203502,0.4959862986445468,-0.49744871308591887,-0.1133389377033272,0.6031026874820885,28,3.1777777777777776,-0.09076311831300084,-0.12991064247973522,-0.15263986755594422,-0.18376490543603596,-0.3152414758109705,0.6585018016101425,0.6666666666666666,0.06083932688937622,-0.048657034829646235,1.2503706216867008,2.282000600935005,0.22789525006802505,-0.1966372056366692,342.0312295659028,22.25,12,14,0.3154093097913323,0.84765625,0.2178629604855088,0.9741379310344828,0.900913342445679,1.0,2.081795387793333,0.5485263368584616,2.2664366733031462,158,-0.3392014965617842,-1.3532779496357064,20,0.1922266929436367,0.7172803578362077,89,-0.08603079188721262,-0.07876483351729723,25,0.2151659421751968,0.0039140323068174165,0.916862790258208,0.38183423616418044,0.1534146423033491,1.7739994603630709,0.267377605233901,0.11560366246620446,1.4251929300883566,0.32984216705870817,0.13016898803548127,1.184342965372404,0.6642073250274414
0.28406373980387856,0.22852134512660802,0.3145995562129564,0.47486072028660375,-0.5194075081092554,-0.11620743641668049,0.5468995641551774,36,3.260869565217391,-0.09197520674320687,-0.12976364002936278,-0.1572875537538075,-0.18128908561395407,-0.3546699028577361,0.6318633043614419,0.6629213483146067,0.059645509176838835,-0.04841710588575868,1.2319098402447648,2.2086903971654164,0.21837679407957275,-0.19462905235138905,259.6462346765514,22.25,12,15,0.3118601747815231,0.83203125,0.2004330027164975,0.9741379310344828,0.8155286944719102,1.0,1.8582667642817212,0.5283452436954117,2.2296689003767227,158,-0.35337933080420325,-1.4325888823501298,20,0.17878669995878305,0.6899781965643625,89,-0.08732593817928155,-0.07876483351729723,25,0.1880986673606373,0.0039140323068174165,0.8224515985886792,0.3668288532168804,0.1534146423033491,1.7210386876907344,0.26044356765537446,0.11560366246620446,1.4296110425307178,0.31725452602456317,0.13016898803548127,1.1718004212823625,0.6302021865946034
0.27397768865104477,0.22369181344712474,0.3096268985984249,0.46566617009991806,-0.503815013163807,-0.1107652307674013,0.5438061222720363,34,3.1702127659574466,-0.08891068343467327,-0.1277097111932514,-0.15561544214650366,-0.17978920924005495,-0.3679115317673531,0.6566997617169248,0.651685393258427,0.05908560810155576,-0.04606476003972099,1.2826639724294033,2.1818020002810377,0.20744323625368222,-0.1931822482933121,217.70088682216988,22.25,12,16,0.30852059925093633,0.83203125,0.18903904367271865,0.9698275862068966,0.7623137966693783,1.0,1.718736012874411,0.5071501543022818,2.238718303280088,158,-0.34034396475619566,-1.3575827830330969,20,0.17181849771285984,0.670488856030265,89,-0.08646239345914504,-0.07876483351729723,25,0.1924312490870126,0.0039140323068174165,0.8304150073312283,0.3537206316705861,0.1534146423033491,1.7190415484345678,0.2554486023784026,0.11560366246620446,1.4357807993640828,0.2923877106689259,0.13016898803548127,1.1315892487687411,0.625944755092396
0.26150985849332153,0.22081685801001816,0.29974015640625784,0.4493858868079914,-0.5004671082600929,-0.10937282495181477,0.5225315593715597,34,3.1041666666666665,-0.08745213967918114,-0.12589418089383636,-0.14878687246550326,-0.17636393901037836,-0.3823952974607709,0.5359910154190253,0.6591760299625468,0.05720748973753858,-0.04734643191493796,1.2082745715731416,2.124870150464298,0.1914776349194796,-0.19344267947715757,174.71827692216294,22.25,12,17,0.30909892046706317,0.828125,0.1743724660229511,0.9612068965517241,0.6989414279752351,1.0,1.571641464583323,0.48385772416257744,2.2018524766810166,158,-0.3310687897112803,-1.3031033890360713,20,0.16446408215044128,0.6463986665370448,89,-0.08768286182974312,-0.07876483351729723,25,0.17847559185989592,0.0039140323068174165,0.7893717671176713,0.332067849130649,0.1534146423033491,1.66242508165834,0.2568050931324466,0.11560366246620446,1.480886148509623,0.2712760003365209,0.13016898803548127,1.0723932596680814,0.6102144613845757
0.2551939321884935,0.21791089719013396,0.2961186905353972,0.44175275697748306,-0.5108215996413621,-0.11475796881932213,0.4995754532847871,36,3.2666666666666666,-0.08829846173174205,-0.1253020762019849,-0.15759458589588154,-0.17062087949314908,-0.3795708711560334,0.5634505603681226,0.6591760299625468,0.056193108076539995,-0.046790718370387376,1.200945615575399,2.1089863027351305,0.19151058024007211,-0.18424821627827,156.15058163142598,22.25,12,18,0.3096129837702871,0.84375,0.16952046278573196,0.9612068965517241,0.6789850100446806,1.0,1.5155663715023864,0.4790871616093364,2.2184125021385412,158,-0.34409065527837857,-1.3911582917674505,20,0.15635242113953418,0.6263576122089909,89,-0.08697755840209848,-0.07876483351729723,25,0.16305507793756324,0.0039140323068174165,0.7393037258620145,0.337880116842326,0.1534146423033491,1.690607431152774,0.25254050109143744,0.11560366246620446,1.5119676092534526,0.26226904550951824,0.13016898803548127,1.0558785012967147,0.5957749091102684
0.2525446872509767,0.21523993678025538,0.2961337211867827,0.4437795642276808,-0.5187232866976461,-0.11827024538339462,0.4868582030676794,33,3.0638297872340425,-0.08813692031634196,-0.12295671252256768,-0.1552382569234973,-0.16434273548622944,-0.3884587195594751,0.46598380596347333,0.6704119850187266,0.054778969653761764,-0.04811495247542257,1.138502000635732,2.1028530564561327,0.18693012676527182,-0.17865224956628614,148.93373160836066,22.25,12,19,0.3065247388133254,0.8359375,0.16519247366007087,0.9655172413793104,0.6685382000738564,1.0,1.4912150379598745,0.4733650262132294,2.2302798436537983,158,-0.3435643145573297,-1.386128390774544,20,0.15492340205683464,0.6306128209610344,89,-0.08611763846433616,-0.07876483351729723,25,0.1520349235801841,0.0039140323068174165,0.7039753663332704,0.33003922973782407,0.1534146423033491,1.6906866448799258,0.2597450202128426,0.11560366246620446,1.5431753692436647,0.2592046681821669,0.13016898803548127,1.0569843746997598,0.5904622779372195
0.23785727153013925,0.2121258182431217,0.2832379932948607,0.4250927431844724,-0.5205130876876882,-0.11563767048771267,0.45696693734789506,38,3.3555555555555556,-0.08552878355362016,-0.12100344184815727,-0.14943354195777614,-0.16192531732700535,-0.37910838471165037,0.4410360592625664,0.6666666666666666,0.05358716695931784,-0.047742907409440344,1.122411052593791,2.0350871417952927,0.1823582886244347,-0.1751154635262471,114.32414168542832,22.25,12,20,0.30692883895131085,0.828125,0.14878789423409292,0.9482758620689655,0.592627173926534,1.0,1.2853133046477876,0.4510764505870022,2.169920264742071,158,-0.341023683602811,-1.4057065291226658,20,0.14252491411311197,0.5893972008770556,89,-0.08585611753852074,-0.07876483351729723,25,0.13977479833088657,0.0039140323068174165,0.6663330040188371,0.3071357215845931,0.1534146423033491,1.5953207241314469,0.24884867714611647,0.11560366246620446,1.515599644233457,0.2423785687954565,0.13016898803548127,1.0151582618102528,0.569059679128636
0.47297875277993673,0.578477586136699,0.26095452109051326,0.495851611480945,-0.7588712244440565,-0.3260934691592045,0.6232661584005079,100,7.0,-0.17288091281684204,-0.2749675141040905,-0.34947026523832925,-0.4273150905885436,0.4876280261977891,1.4164576393899502,0.5900383141762452,0.14796134218408477,-0.10064171939330585,1.4701789980937703,2.0306994051654828,0.67973854986961,-0.5180205160282181,4551.746727018251,21.75,18,1,0.34099616858237547,0.688,0.5480180084211504,0.7522123893805309,3.3371502133457027,0.7425742574257426,12.587913839953021,0.9077511762713757,1.3071794980272173,157,-0.3957773034808132,-0.8072993258891531,20,0.7854399195654516,0.8811434100056172,84,-0.08829364163078895,-0.07876483351729723,25,0.346723467499789,0.0039140323068174165,0.822610369822971,0.10135857468085008,0.1534146423033491,0.4671801854765924,0.6361244900028034,0.11560366246620446,1.1294288367483927,0.8342313062731186,0.13016898803548127,1.2207596229692845,0.665943303115039
0.4032165832133183,0.44258163240622145,0.26642051807968664,0.48381677146731505,-0.700078854100576,-0.2825615939111788,0.575958809284919,66,5.305555555555555,-0.15257183169404082,-0.22145896315786356,-0.271502047312412,-0.31167748178183446,0.2719678835733034,0.9411748451913171,0.5938697318007663,0.11634498696263244,-0.08024271409503905,1.4499134067777673,2.013204343652312,0.510470948126392,-0.38130960428748345,1583.7560223447654,21.75,18,2,0.33524904214559387,0.684,0.45639881112526864,0.7787610619469026,3.1709480676580584,0.8663366336633663,13.235357094876985,0.7187604817014388,1.404268575828017,157,-0.3677468579756882,-0.8277511591559795,20,0.5297620063880799,0.8917016255634634,84,-0.09003897902262391,-0.07876483351729723,25,0.1375327982105281,0.0039140323068174165,0.5235763967448556,0.22303295409110024,0.1534146423033491,0.7527079561101044,0.7695058793180642,0.11560366246620446,1.6056861772650832,0.5289954393474856,0.13016898803548127,1.0578873263069806,0.6583094692632172
0.3425028210050973,0.35953412133759177,0.2665253425780486,0.44974983867672325,-0.6640370424373556,-0.24411462100453382,0.5157887273094537,65,5.083333333333333,-0.126824417833547,-0.19124690830970517,-0.2373368203668384,-0.27921577405785636,0.06459598490452179,0.9244560818066936,0.6206896551724138,0.09103952459634317,-0.06954394989484543,1.3090933824437685,2.012606605101605,0.3979574254756009,-0.31936783701465604,604.5580074759456,21.75,18,3,0.2950191570881226,0.696,0.3427317853813812,0.8230088495575221,2.0227568869870876,0.9108910891089109,6.452535057175028,0.6702246750603866,1.6592913330568484,157,-0.38718809604353877,-0.999528327294859,20,0.29090853080575685,0.6768501954913132,84,-0.09233268644221491,-0.07876483351729723,25,0.13973747936256253,0.0039140323068174165,0.5434545608336624,0.2204357461801869,0.1534146423033491,0.8520101015834777,0.5013071882514055,0.11560366246620446,1.3908074815749656,0.4892773348991104,0.13016898803548127,1.156392529554263,0.6053337223552819
0.34432802024064424,0.328676471500682,0.28425357587699496,0.4447771716587177,-0.611407787076859,-0.18535320555401946,0.5631724481084494,56,4.823529411764706,-0.12582409661296168,-0.1793470615193293,-0.20946413587368812,-0.26533771313867016,-0.1949807231236317,0.6730913550200048,0.6590038314176245,0.08133883541343673,-0.07086926884104727,1.1477306982787088,2.07788093854808,0.31015399821672823,-0.3102682708036987,622.7193335974505,21.75,18,4,0.30268199233716475,0.728,0.2994936049292499,0.8982300884955752,1.3139092035142919,0.9603960396039604,3.641190690279475,0.6201108450792276,1.7413029527380735,157,-0.35106523411672275,-0.9155349133030825,20,0.3169531453323222,0.7934067969370496,84,-0.09687812260430247,-0.07876483351729723,25,0.213548755400794,0.0039140323068174165,0.7310251224014053,0.29453676626657876,0.1534146423033491,1.1135369539845354,0.4207319935172569,0.11560366246620446,1.351834860360205,0.3948423082811412,0.13016898803548127,1.064692606898256,0.6167149151001767
0.3495437005908726,0.3144323662113626,0.29587364302068264,0.4785620368850572,-0.6014244503376172,-0.1851802094220264,0.5811930332972859,59,4.54054054054054,-0.12247713273076791,-0.16576118736456177,-0.20229352275671003,-0.25477566494739007,0.11172183819782863,1.9074110197442087,0.6360153256704981,0.08073701877174597,-0.060517971971171904,1.3340998738392214,2.1707785718519474,0.4427990311651449,-0.2813394712504926,677.5255618557386,21.75,18,5,0.296551724137931,0.72,0.29697501119825,0.911504424778761,1.293668405079701,0.9554455445544554,3.5999182776063843,0.6648482905681685,1.8839229224415277,157,-0.3971258255558987,-1.1958938933964196,20,0.26581458628550014,0.7283790992613988,84,-0.09682190221915157,-0.07876483351729723,25,0.20419239249439913,0.0039140323068174165,0.731603714823264,0.2862122773321445,0.1534146423033491,1.1698621926135861,0.35607862985850125,0.11560366246620446,1.2389412884401625,0.49571937175312764,0.13016898803548127,1.261034988525114,0.6387882378623003
0.3345210891285393,0.29572597525933586,0.29850939437906543,0.45551271798872767,-0.5822162637557693,-0.188466688917842,0.5745650026514301,59,5.133333333333334,-0.12005445894288576,-0.16247607637326017,-0.20572459877880744,-0.24609266330323373,-0.1524389708517194,1.3770233083442003,0.6704980842911877,0.07292840420394024,-0.06357691698313613,1.1470893472749648,2.170745969859828,0.36918694487950404,-0.28876108557198416,530.8979871357493,21.75,18,6,0.277139208173691,0.764,0.27940237826538095,0.9247787610619469,1.0803928711216748,0.9504950495049505,2.6597301099660386,0.6480521829675294,2.015672866682558,157,-0.3952755276851687,-1.2447126529775057,20,0.22652192103944024,0.6587619954915921,84,-0.0998659056760828,-0.07876483351729723,25,0.25175634907774924,0.0039140323068174165,0.876952000822493,0.25119662418268307,0.1534146423033491,1.0579159833210472,0.31751597686058397,0.11560366246620446,1.1884003783310166,0.4760282706239509,0.13016898803548127,1.3221076566001098,0.627713984280854
0.30414849574808134,0.289183299509191,0.2799166278744884,0.4286773337328516,-0.5961425768291182,-0.20271907221001426,0.5101942179098277,64,5.785714285714286,-0.11435436475523322,-0.15968670168210242,-0.204111112012044,-0.2389582001290099,-0.17457959106783794,1.097514279913919,0.6551724137931034,0.07171622829550602,-0.06134305249152686,1.1691010698466948,2.0617685806507855,0.3494042331845052,-0.2609665262454405,321.3763872118673,21.75,18,7,0.27695675971538036,0.728,0.2476086657663077,0.8716814159292036,0.961092148199465,0.9257425742574258,2.39691415098393,0.6271785123864213,2.0149362802282185,157,-0.3918522960727562,-1.2754543691958005,20,0.1614083585182895,0.49143631447660713,84,-0.10332283661518966,-0.07876483351729723,25,0.19098133730314526,0.0039140323068174165,0.7239161429820333,0.23250324375016995,0.1534146423033491,0.9921771357482854,0.28427490688390855,0.11560366246620446,1.1500327210584607,0.46587436642651414,0.13016898803548127,1.3252502266515713,0.5790982829157233
0.2835331820536777,0.2817193795930369,0.26868371613373526,0.40925748763636566,-0.5889954831609546,-0.1975235720798036,0.4813843062633414,63,5.4,-0.10504628555699984,-0.15733482768719154,-0.20584407011933303,-0.23684418975089164,-0.266355255405743,0.8475922271421368,0.6551724137931034,0.06944086681090414,-0.06141812932801614,1.1306249078352895,1.9912040979644297,0.30576782026231564,-0.25445632168891874,226.95778989647562,21.75,18,8,0.2739463601532567,0.74,0.22113817989183576,0.8141592920353983,0.8278787096299497,0.900990099009901,2.009796856079294,0.6019606275471019,2.0043145420195567,157,-0.37725563365961023,-1.2271037461355387,20,0.12568744850811564,0.4007536521357636,84,-0.10230303076466864,-0.07876483351729723,25,0.17437935059488363,0.0039140323068174165,0.6826031716974368,0.21921814845119947,0.1534146423033491,0.9673604949310542,0.2754763872397794,0.11560366246620446,1.1646254847155861,0.42505750747315574,0.13016898803548127,1.2604921925608943,0.5511975477529327
0.2858326089401595,0.27664950540942074,0.2741807656616008,0.4140211595406103,-0.6082008652409573,-0.19688511658682095,0.4699641603221301,68,5.0625,-0.10095148341809924,-0.15327067045074533,-0.20672330897108007,-0.2415641697583867,-0.3445180551884107,0.8367005955139581,0.6551724137931034,0.06900957974392256,-0.060465941301743244,1.1412967078366314,2.0084326144651685,0.28240399178300596,-0.2555851053281253,236.0071614061035,21.75,18,9,0.26649638143891025,0.752,0.22454209561356345,0.8451327433628318,0.824110866864023,0.905940594059406,1.961244001396267,0.5983878606897388,2.043038554713343,157,-0.40401543509857685,-1.3360524707211516,20,0.14374318923801743,0.4674342086202671,84,-0.10520684878149032,-0.07876483351729723,25,0.1690310832121933,0.0039140323068174165,0.6708041561981861,0.24663358275083658,0.1534146423033491,1.0722503584720249,0.2698047699405166,0.11560366246620446,1.1693627301596956,0.4150680210479023,0.13016898803548127,1.262725668991042,0.5508733113506902
0.26772845060814676,0.26959865774974867,0.26393694750944824,0.39407078180994565,-0.6079311713127027,-0.19264819660923735,0.4403927010849634,63,4.882352941176471,-0.098069150431534,-0.15425181470523805,-0.1978931117342759,-0.23984847741225304,-0.40472595849446596,0.9046526295135298,0.6475095785440613,0.06737209240824248,-0.05848821436651761,1.1518917638014021,1.9560361452389883,0.2553574729712301,-0.2617989316290685,173.10877257393716,21.75,18,10,0.26858237547892716,0.756,0.20343214491450148,0.8539823008849557,0.7467458987237975,0.900990099009901,1.7827091107554836,0.5795647033908211,2.0897964456252964,157,-0.4110501301086458,-1.3743886354375,20,0.11599063939456467,0.3871939454683004,84,-0.10567517719697844,-0.07876483351729723,25,0.14339496728563694,0.0039140323068174165,0.6061723440050577,0.25303022686626764,0.1534146423033491,1.123715072733124,0.2599043509208545,0.11560366246620446,1.16074182053793,0.377176999609079,0.13016898803548127,1.191677631536737,0.5261965610297717
0.2782133408399179,0.2635525011675104,0.2775628860475823,0.4024025921882095,-0.6161154647872843,-0.19141129793391828,0.45156039207029464,67,5.09375,-0.09723744084812519,-0.15384678955750442,-0.20794697811884863,-0.2383096362603363,-0.5032338971547983,0.9951460984484468,0.6590038314176245,0.06584075690698457,-0.0580820732488691,1.133581382759379,2.0227810029010582,0.23834639193369522,-0.2620022325375216,207.26810992499807,21.75,18,11,0.26018808777429464,0.784,0.21105545963358127,0.8539823008849557,0.7995193734929062,0.8910891089108911,1.8859622853277678,0.5897755492315557,2.197644172360124,157,-0.40738519214748015,-1.3748496226015887,20,0.12436710910695736,0.42113579733167017,84,-0.1057856169988383,-0.07876483351729723,25,0.13147823725848173,0.0039140323068174165,0.576796344135493,0.3028753697883484,0.1534146423033491,1.3259980135931333,0.24975301773543235,0.11560366246620446,1.1423986218793851,0.3921376265738774,0.13016898803548127,1.2545969877496284,0.5402005780770713
0.26905524937574743,0.2557309654897255,0.27545223670556346,0.39498514147616104,-0.6119543044077324,-0.1966883195631976,0.43966558848891035,68,4.818181818181818,-0.09689140821513838,-0.15068633422292607,-0.20036073333564894,-0.23137423747237199,-0.5112492489471423,1.0047579032056255,0.6704980842911877,0.06263145360454686,-0.05824925874638127,1.0752317703688863,2.015389745354113,0.21871017370125526,-0.2512290419582235,177.11542227241182,21.75,18,12,0.2624521072796935,0.772,0.19876923888330808,0.8451327433628318,0.7587660351034033,0.8861386138613861,1.7631325342128992,0.5631085018911726,2.214003170189553,157,-0.4026636402898621,-1.3638084022870889,20,0.12643258789974232,0.4374891857691737,84,-0.10414381339474355,-0.07876483351729723,25,0.12353714359615342,0.0039140323068174165,0.5595271937828631,0.28793635088583125,0.1534146423033491,1.2905595949143451,0.24009778261151116,0.11560366246620446,1.1365150554488774,0.3815064070753771,0.13016898803548127,1.2681286693925762,0.5301897380424849
0.26322897458656436,0.2517897316849403,0.2732372625974376,0.38655312282869214,-0.6043390217086863,-0.18678822375302723,0.43556508041185277,67,4.848484848484849,-0.09283548927789058,-0.15040256202292693,-0.1920477334641849,-0.22449353152958518,-0.5224023879585181,1.008568255633393,0.6628352490421456,0.06220969823683803,-0.05607982979816473,1.109306117025232,2.0053590774861427,0.22166823654870463,-0.23913194221897896,160.15181724472103,21.75,18,13,0.26407309165929854,0.784,0.193349381738926,0.8495575221238938,0.7370959264585425,0.8910891089108911,1.729264163142616,0.559348407354777,2.2486667659729056,157,-0.3968663161688487,-1.3576315146683808,20,0.10957420495639392,0.3873305520498159,84,-0.10487238155704894,-0.07876483351729723,25,0.11599629117798727,0.0039140323068174165,0.5394312130084367,0.2954992515248174,0.1534146423033491,1.3319286600273788,0.24032291604884337,0.11560366246620446,1.1704460143173723,0.37101649183727603,0.13016898803548127,1.2490237904782333,0.5229482086500442
0.254353951750222,0.24797777749437838,0.26792571070136906,0.3767552311144074,-0.6025682445224732,-0.18551460147184246,0.4221164226000558,67,5.125,-0.09212471846905183,-0.14877022646471302,-0.18630363993809723,-0.219668669716911,-0.5047820644847908,1.0378673657412634,0.6513409961685823,0.061813764810380686,-0.05339343676619933,1.1577034286264907,1.9843224457963533,0.22227861282634026,-0.23191854928129008,137.24111450474845,21.75,18,14,0.2646414887794198,0.776,0.1835070439991175,0.8407079646017699,0.6939163918127303,0.8712871287128713,1.6157964544637091,0.5407049694864614,2.2296878930023114,157,-0.3856579778420375,-1.3135479221469066,20,0.10268886085264461,0.36858693875732407,84,-0.10505231263291717,-0.07876483351729723,25,0.10797699225827784,0.0039140323068174165,0.5148750009264443,0.2961118208420166,0.1534146423033491,1.3776318049684475,0.2275921952997617,0.11560366246620446,1.1274742696277977,0.35432636956461394,0.13016898803548127,1.2162208836831299,0.5114025407417098
0.25132601663913445,0.24179307276800288,0.2700364205904889,0.3752781126975622,-0.5830791471200748,-0.16230001902561522,0.43103242137962844,64,4.6571428571428575,-0.08847122063370477,-0.14611208514410604,-0.18860472370972942,-0.21528433937527333,-0.5326094909281248,1.0474907526978914,0.6475095785440613,0.06078477799827408,-0.05119006944777871,1.1874330051511919,1.9959204235146661,0.21317647235146797,-0.226580460808601,130.1619345414189,21.75,18,15,0.26717752234993614,0.788,0.1778434313073148,0.8628318584070797,0.6662076853030144,0.9207920792079208,1.5593885169495842,0.5335517291610012,2.2965934477022425,157,-0.39006016666295706,-1.375051245806109,20,0.10084893119643423,0.3672577035927728,84,-0.10297114577668187,-0.07876483351729723,25,0.11163006590113511,0.0039140323068174165,0.5302386872016475,0.2893913490053259,0.1534146423033491,1.3725873493359106,0.22026224270675954,0.11560366246620446,1.1208671467604188,0.35309603592664573,0.13016898803548127,1.2439727645438956,0.5173013013095014
0.24524371509584242,0.2391615303893398,0.2662311323782112,0.36798219364320184,-0.5869391322415867,-0.1601826268697046,0.4178350047290748,64,4.555555555555555,-0.08974544868487204,-0.14541759339502652,-0.1855092198353579,-0.2138863758026562,-0.5170481718163699,1.1533762111237573,0.6513409961685823,0.05935428600563704,-0.051090079114528876,1.1617575669159221,1.983417167310988,0.21421287643330045,-0.22569939354273602,116.97291124280066,21.75,18,16,0.2629310344827586,0.78,0.17071047468098033,0.8584070796460177,0.6448543809542113,0.9108910891089109,1.5134664322941673,0.5230389347722215,2.2981002834566295,157,-0.39633548690877984,-1.4311828413023648,20,0.09892518965205199,0.361933401991924,84,-0.10239528181196984,-0.07876483351729723,25,0.0998871399999266,0.0039140323068174165,0.49201283520921724,0.29179137590703186,0.1534146423033491,1.4104139493352943,0.21449045916388187,0.11560366246620446,1.106709870534656,0.3448284466038005,0.13016898803548127,1.230373992445284,0.5085022531771191
0.24587417224033015,0.2344943151235859,0.27073316071590947,0.37786752131400875,-0.5868983572269779,-0.15788515880368142,0.4189382526167822,63,4.5,-0.08567803206932086,-0.14069844679746626,-0.18152413743866194,-0.21039435050053798,-0.49077460571656556,1.2180081343348643,0.6590038314176245,0.0580002920802586,-0.051113454844764886,1.134736289229705,2.002330751637268,0.2133567586434572,-0.21722171787632294,118.27885849316571,21.75,18,17,0.2587333784088348,0.784,0.17140885742098885,0.8539823008849557,0.6559259261017351,0.9306930693069307,1.5745196881141903,0.5300424322042847,2.40271677852633,157,-0.3967982377794418,-1.4534218581156995,20,0.08729516218157873,0.32707419713399793,84,-0.1002235117468756,-0.07876483351729723,25,0.08447495567349339,0.0039140323068174165,0.4422455469340393,0.28999983640463256,0.1534146423033491,1.450427689171957,0.22482818613839806,0.11560366246620446,1.1824838173976682,0.3617684769622458,0.13016898803548127,1.2875926796766186,0.5147371634361658
0.24306004445431983,0.23171115406272594,0.27036196246200445,0.37242734597226146,-0.5823427381880062,-0.15346836786424323,0.4173831465823984,62,4.324324324324325,-0.08685453437429487,-0.14036358456768364,-0.17885726883350914,-0.2085775378178246,-0.5370345498640542,1.2042671666025955,0.6590038314176245,0.057506937392572365,-0.05087069998247454,1.1304530390260814,1.9937025420264107,0.20610996023596334,-0.21641852099205713,112.55423387636296,21.75,18,18,0.2567049808429119,0.796,0.1664271590067363,0.8672566371681416,0.6352622274117288,0.9356435643564357,1.516619233039743,0.52418195455856,2.435370240337992,157,-0.3972291199566226,-1.461749236799451,20,0.08573858150145974,0.32381192191661673,84,-0.1002843366499795,-0.07876483351729723,25,0.08322278505456149,0.0039140323068174165,0.43958383386391414,0.2946701812033641,0.1534146423033491,1.476819483877526,0.22567609655576604,0.11560366246620446,1.1866189871419355,0.34745448548329483,0.13016898803548127,1.2677769821779477,0.5128813542856256
0.24441696674846125,0.22849194341467702,0.27461088188569227,0.3816830652103246,-0.575298856240697,-0.15213059827953818,0.4248521687416681,60,3.8974358974358974,-0.09263993458001195,-0.13727884879601746,-0.17546956397481622,-0.2045940746903975,-0.5387051648394601,1.158086566233277,0.6666666666666666,0.056615238088929445,-0.051491712908080065,1.0995019371368668,2.0057155187432394,0.20531747508814685,-0.21356369955394858,115.28102253058528,21.75,18,19,0.25569671304698527,0.8,0.16575411362692966,0.8716814159292036,0.6322597822474034,0.9455445544554455,1.5139193014073653,0.5239221477169189,2.4510653218418,157,-0.3910178934416938,-1.4389721567251954,20,0.0847367959736014,0.32874314566565405,84,-0.09999475418308382,-0.07876483351729723,25,0.09217870606733225,0.0039140323068174165,0.47421070064439336,0.2893016734809748,0.1534146423033491,1.4625221930622527,0.22790421119221915,0.11560366246620446,1.2426427089168808,0.34366214037733833,0.13016898803548127,1.2597218720776944,0.5214917155186332
0.24325416242557063,0.22671763370931405,0.27498666907629743,0.3832937331649342,-0.5794630057269896,-0.1502722592372337,0.4197923940293409,62,3.9743589743589745,-0.08686191757328802,-0.13444541890791292,-0.17087342764988808,-0.2013632344364701,-0.5123082225613905,1.1564627136819228,0.6666666666666666,0.056090806048315525,-0.05079103188984803,1.1043446837221436,2.012299307294594,0.21113433913630816,-0.21107637399093418,112.94054749237706,21.75,18,20,0.25268199233716476,0.796,0.16452754613846082,0.8805309734513275,0.6331854366484594,0.9405940594059405,1.5228525193947788,0.5174499980823553,2.4205862387696966,157,-0.39109560516915676,-1.4661039018048518,20,0.08898867646614783,0.3488308481647234,84,-0.09854292016826839,-0.07876483351729723,25,0.08691767972764608,0.0039140323068174165,0.45636287591221314,0.2813122915619588,0.1534146423033491,1.4361144544490834,0.2250109244875913,0.11560366246620446,1.2519751211897747,0.3517716017338417,0.13016898803548127,1.290118187605112,0.5212748474449537
